-- phpMyAdmin SQL Dump
-- version 4.4.10
-- http://www.phpmyadmin.net
--
-- Host: localhost:3306
-- Generation Time: Apr 10, 2016 at 12:49 PM
-- Server version: 5.5.42
-- PHP Version: 5.4.42

SET SQL_MODE = "NO_AUTO_VALUE_ON_ZERO";
SET time_zone = "+00:00";

--
-- Database: `test`
--

-- --------------------------------------------------------

--
-- Table structure for table `department`
--

CREATE TABLE `department` (
  `id` int(11) NOT NULL DEFAULT '0' COMMENT 'id',
  `name` varchar(255) COLLATE utf8_unicode_ci NOT NULL COMMENT 'name dep'
) ENGINE=InnoDB DEFAULT CHARSET=utf8 COLLATE=utf8_unicode_ci COMMENT='table Department';

--
-- Dumping data for table `department`
--

INSERT INTO `department` (`id`, `name`) VALUES
(1, 'first department'),
(2, 'two department'),
(3, 'three department');

-- --------------------------------------------------------

--
-- Table structure for table `employee`
--

CREATE TABLE `employee` (
  `id` int(11) NOT NULL,
  `name` varchar(255) COLLATE utf8_unicode_ci NOT NULL COMMENT 'name employee',
  `department` int(11) DEFAULT NULL
) ENGINE=InnoDB AUTO_INCREMENT=5610 DEFAULT CHARSET=utf8 COLLATE=utf8_unicode_ci COMMENT='table Employee';

--
-- Dumping data for table `employee`
--

INSERT INTO `employee` (`id`, `name`, `department`) VALUES
(1, 'employer 1', 1),
(2, 'employer 2', 1),
(3, 'employer 3', 1),
(4, 'employer 4', 1),
(5, 'employer 5', 1),
(6, 'employer 6', 1),
(7, 'employer 7', 1),
(8, 'employer 8', 1),
(9, 'employer 9', 1),
(10, 'employer 10', 1),
(11, 'employer 11', 1),
(12, 'employer 12', 1),
(13, 'employer 13', 1),
(14, 'employer 14', 1),
(15, 'employer 15', 1),
(16, 'employer 16', 1),
(17, 'employer 17', 1),
(18, 'employer 18', 1),
(19, 'employer 19', 1),
(20, 'employer 20', 1),
(21, 'employer 21', 1),
(22, 'employer 22', 1),
(23, 'employer 23', 1),
(24, 'employer 24', 1),
(25, 'employer 25', 1),
(26, 'employer 26', 1),
(27, 'employer 27', 1),
(28, 'employer 28', 1),
(29, 'employer 29', 1),
(30, 'employer 30', 1),
(31, 'employer 31', 1),
(32, 'employer 32', 1),
(33, 'employer 33', 1),
(34, 'employer 34', 1),
(35, 'employer 35', 1),
(36, 'employer 36', 1),
(37, 'employer 37', 1),
(38, 'employer 38', 1),
(39, 'employer 39', 1),
(40, 'employer 40', 1),
(41, 'employer 41', 1),
(42, 'employer 42', 1),
(43, 'employer 43', 1),
(44, 'employer 44', 1),
(45, 'employer 45', 1),
(46, 'employer 46', 1),
(47, 'employer 47', 1),
(48, 'employer 48', 1),
(49, 'employer 49', 1),
(50, 'employer 50', 1),
(51, 'employer 51', 1),
(52, 'employer 52', 1),
(53, 'employer 53', 1),
(54, 'employer 54', 1),
(55, 'employer 55', 1),
(56, 'employer 56', 1),
(57, 'employer 57', 1),
(58, 'employer 58', 1),
(59, 'employer 59', 1),
(60, 'employer 60', 1),
(61, 'employer 61', 1),
(62, 'employer 62', 1),
(63, 'employer 63', 1),
(64, 'employer 64', 1),
(65, 'employer 65', 1),
(66, 'employer 66', 1),
(67, 'employer 67', 1),
(68, 'employer 68', 1),
(69, 'employer 69', 1),
(70, 'employer 70', 1),
(71, 'employer 71', 1),
(72, 'employer 72', 1),
(73, 'employer 73', 1),
(74, 'employer 74', 1),
(75, 'employer 75', 1),
(76, 'employer 76', 1),
(77, 'employer 77', 1),
(78, 'employer 78', 1),
(79, 'employer 79', 1),
(80, 'employer 80', 1),
(81, 'employer 81', 1),
(82, 'employer 82', 1),
(83, 'employer 83', 1),
(84, 'employer 84', 1),
(85, 'employer 85', 1),
(86, 'employer 86', 1),
(87, 'employer 87', 1),
(88, 'employer 88', 1),
(89, 'employer 89', 1),
(90, 'employer 90', 1),
(91, 'employer 91', 1),
(92, 'employer 92', 1),
(93, 'employer 93', 1),
(94, 'employer 94', 1),
(95, 'employer 95', 1),
(96, 'employer 96', 1),
(97, 'employer 97', 1),
(98, 'employer 98', 1),
(99, 'employer 99', 1),
(100, 'employer 100', 1),
(101, 'employer 101', 1),
(102, 'employer 102', 1),
(103, 'employer 103', 1),
(104, 'employer 104', 1),
(105, 'employer 105', 1),
(106, 'employer 106', 1),
(107, 'employer 107', 1),
(108, 'employer 108', 1),
(109, 'employer 109', 1),
(110, 'employer 110', 1),
(111, 'employer 111', 1),
(112, 'employer 112', 1),
(113, 'employer 113', 1),
(114, 'employer 114', 1),
(115, 'employer 115', 1),
(116, 'employer 116', 1),
(117, 'employer 117', 1),
(118, 'employer 118', 1),
(119, 'employer 119', 1),
(120, 'employer 120', 1),
(121, 'employer 121', 1),
(122, 'employer 122', 1),
(123, 'employer 123', 1),
(124, 'employer 124', 1),
(125, 'employer 125', 1),
(126, 'employer 126', 1),
(127, 'employer 127', 1),
(128, 'employer 128', 1),
(129, 'employer 129', 1),
(130, 'employer 130', 1),
(131, 'employer 131', 1),
(132, 'employer 132', 1),
(133, 'employer 133', 1),
(134, 'employer 134', 1),
(135, 'employer 135', 1),
(136, 'employer 136', 1),
(137, 'employer 137', 1),
(138, 'employer 138', 1),
(139, 'employer 139', 1),
(140, 'employer 140', 1),
(141, 'employer 141', 1),
(142, 'employer 142', 1),
(143, 'employer 143', 1),
(144, 'employer 144', 1),
(145, 'employer 145', 1),
(146, 'employer 146', 1),
(147, 'employer 147', 1),
(148, 'employer 148', 1),
(149, 'employer 149', 1),
(150, 'employer 150', 1),
(151, 'employer 151', 1),
(152, 'employer 152', 1),
(153, 'employer 153', 1),
(154, 'employer 154', 1),
(155, 'employer 155', 1),
(156, 'employer 156', 1),
(157, 'employer 157', 1),
(158, 'employer 158', 1),
(159, 'employer 159', 1),
(160, 'employer 160', 1),
(161, 'employer 161', 1),
(162, 'employer 162', 1),
(163, 'employer 163', 1),
(164, 'employer 164', 1),
(165, 'employer 165', 1),
(166, 'employer 166', 1),
(167, 'employer 167', 1),
(168, 'employer 168', 1),
(169, 'employer 169', 1),
(170, 'employer 170', 1),
(171, 'employer 171', 1),
(172, 'employer 172', 1),
(173, 'employer 173', 1),
(174, 'employer 174', 1),
(175, 'employer 175', 1),
(176, 'employer 176', 1),
(177, 'employer 177', 1),
(178, 'employer 178', 1),
(179, 'employer 179', 1),
(180, 'employer 180', 1),
(181, 'employer 181', 1),
(182, 'employer 182', 1),
(183, 'employer 183', 1),
(184, 'employer 184', 1),
(185, 'employer 185', 1),
(186, 'employer 186', 1),
(187, 'employer 187', 1),
(188, 'employer 188', 1),
(189, 'employer 189', 1),
(190, 'employer 190', 1),
(191, 'employer 191', 1),
(192, 'employer 192', 1),
(193, 'employer 193', 1),
(194, 'employer 194', 1),
(195, 'employer 195', 1),
(196, 'employer 196', 1),
(197, 'employer 197', 1),
(198, 'employer 198', 1),
(199, 'employer 199', 1),
(200, 'employer 200', 1),
(201, 'employer 201', 1),
(202, 'employer 202', 1),
(203, 'employer 203', 1),
(204, 'employer 204', 1),
(205, 'employer 205', 1),
(206, 'employer 206', 1),
(207, 'employer 207', 1),
(208, 'employer 208', 1),
(209, 'employer 209', 1),
(210, 'employer 210', 1),
(211, 'employer 211', 1),
(212, 'employer 212', 1),
(213, 'employer 213', 1),
(214, 'employer 214', 1),
(215, 'employer 215', 1),
(216, 'employer 216', 1),
(217, 'employer 217', 1),
(218, 'employer 218', 1),
(219, 'employer 219', 1),
(220, 'employer 220', 1),
(221, 'employer 221', 1),
(222, 'employer 222', 1),
(223, 'employer 223', 1),
(224, 'employer 224', 1),
(225, 'employer 225', 1),
(226, 'employer 226', 1),
(227, 'employer 227', 1),
(228, 'employer 228', 1),
(229, 'employer 229', 1),
(230, 'employer 230', 1),
(231, 'employer 231', 1),
(232, 'employer 232', 1),
(233, 'employer 233', 1),
(234, 'employer 234', 1),
(235, 'employer 235', 1),
(236, 'employer 236', 1),
(237, 'employer 237', 1),
(238, 'employer 238', 1),
(239, 'employer 239', 1),
(240, 'employer 240', 1),
(241, 'employer 241', 1),
(242, 'employer 242', 1),
(243, 'employer 243', 1),
(244, 'employer 244', 1),
(245, 'employer 245', 1),
(246, 'employer 246', 1),
(247, 'employer 247', 1),
(248, 'employer 248', 1),
(249, 'employer 249', 1),
(250, 'employer 250', 1),
(251, 'employer 251', 1),
(252, 'employer 252', 1),
(253, 'employer 253', 1),
(254, 'employer 254', 1),
(255, 'employer 255', 1),
(256, 'employer 256', 1),
(257, 'employer 257', 1),
(258, 'employer 258', 1),
(259, 'employer 259', 1),
(260, 'employer 260', 1),
(261, 'employer 261', 1),
(262, 'employer 262', 1),
(263, 'employer 263', 1),
(264, 'employer 264', 1),
(265, 'employer 265', 1),
(266, 'employer 266', 1),
(267, 'employer 267', 1),
(268, 'employer 268', 1),
(269, 'employer 269', 1),
(270, 'employer 270', 1),
(271, 'employer 271', 1),
(272, 'employer 272', 1),
(273, 'employer 273', 1),
(274, 'employer 274', 1),
(275, 'employer 275', 1),
(276, 'employer 276', 1),
(277, 'employer 277', 1),
(278, 'employer 278', 1),
(279, 'employer 279', 1),
(280, 'employer 280', 1),
(281, 'employer 281', 1),
(282, 'employer 282', 1),
(283, 'employer 283', 1),
(284, 'employer 284', 1),
(285, 'employer 285', 1),
(286, 'employer 286', 1),
(287, 'employer 287', 1),
(288, 'employer 288', 1),
(289, 'employer 289', 1),
(290, 'employer 290', 1),
(291, 'employer 291', 1),
(292, 'employer 292', 1),
(293, 'employer 293', 1),
(294, 'employer 294', 1),
(295, 'employer 295', 1),
(296, 'employer 296', 1),
(297, 'employer 297', 1),
(298, 'employer 298', 1),
(299, 'employer 299', 1),
(300, 'employer 300', 1),
(301, 'employer 301', 1),
(302, 'employer 302', 1),
(303, 'employer 303', 1),
(304, 'employer 304', 1),
(305, 'employer 305', 1),
(306, 'employer 306', 1),
(307, 'employer 307', 1),
(308, 'employer 308', 1),
(309, 'employer 309', 1),
(310, 'employer 310', 1),
(311, 'employer 311', 1),
(312, 'employer 312', 1),
(313, 'employer 313', 1),
(314, 'employer 314', 1),
(315, 'employer 315', 1),
(316, 'employer 316', 1),
(317, 'employer 317', 1),
(318, 'employer 318', 1),
(319, 'employer 319', 1),
(320, 'employer 320', 1),
(321, 'employer 321', 1),
(322, 'employer 322', 1),
(323, 'employer 323', 1),
(324, 'employer 324', 1),
(325, 'employer 325', 1),
(326, 'employer 326', 1),
(327, 'employer 327', 1),
(328, 'employer 328', 1),
(329, 'employer 329', 1),
(330, 'employer 330', 1),
(331, 'employer 331', 1),
(332, 'employer 332', 1),
(333, 'employer 333', 1),
(334, 'employer 334', 1),
(335, 'employer 335', 1),
(336, 'employer 336', 1),
(337, 'employer 337', 1),
(338, 'employer 338', 1),
(339, 'employer 339', 1),
(340, 'employer 340', 1),
(341, 'employer 341', 1),
(342, 'employer 342', 1),
(343, 'employer 343', 1),
(344, 'employer 344', 1),
(345, 'employer 345', 1),
(346, 'employer 346', 1),
(347, 'employer 347', 1),
(348, 'employer 348', 1),
(349, 'employer 349', 1),
(350, 'employer 350', 1),
(351, 'employer 351', 1),
(352, 'employer 352', 1),
(353, 'employer 353', 1),
(354, 'employer 354', 1),
(355, 'employer 355', 1),
(356, 'employer 356', 1),
(357, 'employer 357', 1),
(358, 'employer 358', 1),
(359, 'employer 359', 1),
(360, 'employer 360', 1),
(361, 'employer 361', 1),
(362, 'employer 362', 1),
(363, 'employer 363', 1),
(364, 'employer 364', 1),
(365, 'employer 365', 1),
(366, 'employer 366', 1),
(367, 'employer 367', 1),
(368, 'employer 368', 1),
(369, 'employer 369', 1),
(370, 'employer 370', 1),
(371, 'employer 371', 1),
(372, 'employer 372', 1),
(373, 'employer 373', 1),
(374, 'employer 374', 1),
(375, 'employer 375', 1),
(376, 'employer 376', 1),
(377, 'employer 377', 1),
(378, 'employer 378', 1),
(379, 'employer 379', 1),
(380, 'employer 380', 1),
(381, 'employer 381', 1),
(382, 'employer 382', 1),
(383, 'employer 383', 1),
(384, 'employer 384', 1),
(385, 'employer 385', 1),
(386, 'employer 386', 1),
(387, 'employer 387', 1),
(388, 'employer 388', 1),
(389, 'employer 389', 1),
(390, 'employer 390', 1),
(391, 'employer 391', 1),
(392, 'employer 392', 1),
(393, 'employer 393', 1),
(394, 'employer 394', 1),
(395, 'employer 395', 1),
(396, 'employer 396', 1),
(397, 'employer 397', 1),
(398, 'employer 398', 1),
(399, 'employer 399', 1),
(400, 'employer 400', 1),
(401, 'employer 401', 1),
(402, 'employer 402', 1),
(403, 'employer 403', 1),
(404, 'employer 404', 1),
(405, 'employer 405', 1),
(406, 'employer 406', 1),
(407, 'employer 407', 1),
(408, 'employer 408', 1),
(409, 'employer 409', 1),
(410, 'employer 410', 1),
(411, 'employer 411', 1),
(412, 'employer 412', 1),
(413, 'employer 413', 1),
(414, 'employer 414', 1),
(415, 'employer 415', 1),
(416, 'employer 416', 1),
(417, 'employer 417', 1),
(418, 'employer 418', 1),
(419, 'employer 419', 1),
(420, 'employer 420', 1),
(421, 'employer 421', 1),
(422, 'employer 422', 1),
(423, 'employer 423', 1),
(424, 'employer 424', 1),
(425, 'employer 425', 1),
(426, 'employer 426', 1),
(427, 'employer 427', 1),
(428, 'employer 428', 1),
(429, 'employer 429', 1),
(430, 'employer 430', 1),
(431, 'employer 431', 1),
(432, 'employer 432', 1),
(433, 'employer 433', 1),
(434, 'employer 434', 1),
(435, 'employer 435', 1),
(436, 'employer 436', 1),
(437, 'employer 437', 1),
(438, 'employer 438', 1),
(439, 'employer 439', 1),
(440, 'employer 440', 1),
(441, 'employer 441', 1),
(442, 'employer 442', 1),
(443, 'employer 443', 1),
(444, 'employer 444', 1),
(445, 'employer 445', 1),
(446, 'employer 446', 1),
(447, 'employer 447', 1),
(448, 'employer 448', 1),
(449, 'employer 449', 1),
(450, 'employer 450', 1),
(451, 'employer 451', 1),
(452, 'employer 452', 1),
(453, 'employer 453', 1),
(454, 'employer 454', 1),
(455, 'employer 455', 1),
(456, 'employer 456', 1),
(457, 'employer 457', 1),
(458, 'employer 458', 1),
(459, 'employer 459', 1),
(460, 'employer 460', 1),
(461, 'employer 461', 1),
(462, 'employer 462', 1),
(463, 'employer 463', 1),
(464, 'employer 464', 1),
(465, 'employer 465', 1),
(466, 'employer 466', 1),
(467, 'employer 467', 1),
(468, 'employer 468', 1),
(469, 'employer 469', 1),
(470, 'employer 470', 1),
(471, 'employer 471', 1),
(472, 'employer 472', 1),
(473, 'employer 473', 1),
(474, 'employer 474', 1),
(475, 'employer 475', 1),
(476, 'employer 476', 1),
(477, 'employer 477', 1),
(478, 'employer 478', 1),
(479, 'employer 479', 1),
(480, 'employer 480', 1),
(481, 'employer 481', 1),
(482, 'employer 482', 1),
(483, 'employer 483', 1),
(484, 'employer 484', 1),
(485, 'employer 485', 1),
(486, 'employer 486', 1),
(487, 'employer 487', 1),
(488, 'employer 488', 1),
(489, 'employer 489', 1),
(490, 'employer 490', 1),
(491, 'employer 491', 1),
(492, 'employer 492', 1),
(493, 'employer 493', 1),
(494, 'employer 494', 1),
(495, 'employer 495', 1),
(496, 'employer 496', 1),
(497, 'employer 497', 1),
(498, 'employer 498', 1),
(499, 'employer 499', 1),
(500, 'employer 500', 1),
(501, 'employer 501', 1),
(502, 'employer 502', 1),
(503, 'employer 503', 1),
(504, 'employer 504', 1),
(505, 'employer 505', 1),
(506, 'employer 506', 1),
(507, 'employer 507', 1),
(508, 'employer 508', 1),
(509, 'employer 509', 1),
(510, 'employer 510', 1),
(511, 'employer 511', 1),
(512, 'employer 512', 1),
(513, 'employer 513', 1),
(514, 'employer 514', 1),
(515, 'employer 515', 1),
(516, 'employer 516', 1),
(517, 'employer 517', 1),
(518, 'employer 518', 1),
(519, 'employer 519', 1),
(520, 'employer 520', 1),
(521, 'employer 521', 1),
(522, 'employer 522', 1),
(523, 'employer 523', 1),
(524, 'employer 524', 1),
(525, 'employer 525', 1),
(526, 'employer 526', 1),
(527, 'employer 527', 1),
(528, 'employer 528', 1),
(529, 'employer 529', 1),
(530, 'employer 530', 1),
(531, 'employer 531', 1),
(532, 'employer 532', 1),
(533, 'employer 533', 1),
(534, 'employer 534', 1),
(535, 'employer 535', 1),
(536, 'employer 536', 1),
(537, 'employer 537', 1),
(538, 'employer 538', 1),
(539, 'employer 539', 1),
(540, 'employer 540', 1),
(541, 'employer 541', 1),
(542, 'employer 542', 1),
(543, 'employer 543', 1),
(544, 'employer 544', 1),
(545, 'employer 545', 1),
(546, 'employer 546', 1),
(547, 'employer 547', 1),
(548, 'employer 548', 1),
(549, 'employer 549', 1),
(550, 'employer 550', 1),
(551, 'employer 551', 1),
(552, 'employer 552', 1),
(553, 'employer 553', 1),
(554, 'employer 554', 1),
(555, 'employer 555', 1),
(556, 'employer 556', 1),
(557, 'employer 557', 1),
(558, 'employer 558', 1),
(559, 'employer 559', 1),
(560, 'employer 560', 1),
(561, 'employer 561', 1),
(562, 'employer 562', 1),
(563, 'employer 563', 1),
(564, 'employer 564', 1),
(565, 'employer 565', 1),
(566, 'employer 566', 1),
(567, 'employer 567', 1),
(568, 'employer 568', 1),
(569, 'employer 569', 1),
(570, 'employer 570', 1),
(571, 'employer 571', 1),
(572, 'employer 572', 1),
(573, 'employer 573', 1),
(574, 'employer 574', 1),
(575, 'employer 575', 1),
(576, 'employer 576', 1),
(577, 'employer 577', 1),
(578, 'employer 578', 1),
(579, 'employer 579', 1),
(580, 'employer 580', 1),
(581, 'employer 581', 1),
(582, 'employer 582', 1),
(583, 'employer 583', 1),
(584, 'employer 584', 1),
(585, 'employer 585', 1),
(586, 'employer 586', 1),
(587, 'employer 587', 1),
(588, 'employer 588', 1),
(589, 'employer 589', 1),
(590, 'employer 590', 1),
(591, 'employer 591', 1),
(592, 'employer 592', 1),
(593, 'employer 593', 1),
(594, 'employer 594', 1),
(595, 'employer 595', 1),
(596, 'employer 596', 1),
(597, 'employer 597', 1),
(598, 'employer 598', 1),
(599, 'employer 599', 1),
(600, 'employer 600', 1),
(601, 'employer 601', 1),
(602, 'employer 602', 1),
(603, 'employer 603', 1),
(604, 'employer 604', 1),
(605, 'employer 605', 1),
(606, 'employer 606', 1),
(607, 'employer 607', 1),
(608, 'employer 608', 1),
(609, 'employer 609', 1),
(610, 'employer 610', 1),
(611, 'employer 611', 1),
(612, 'employer 612', 1),
(613, 'employer 613', 1),
(614, 'employer 614', 1),
(615, 'employer 615', 1),
(616, 'employer 616', 1),
(617, 'employer 617', 1),
(618, 'employer 618', 1),
(619, 'employer 619', 1),
(620, 'employer 620', 1),
(621, 'employer 621', 1),
(622, 'employer 622', 1),
(623, 'employer 623', 1),
(624, 'employer 624', 1),
(625, 'employer 625', 1),
(626, 'employer 626', 1),
(627, 'employer 627', 1),
(628, 'employer 628', 1),
(629, 'employer 629', 1),
(630, 'employer 630', 1),
(631, 'employer 631', 1),
(632, 'employer 632', 1),
(633, 'employer 633', 1),
(634, 'employer 634', 1),
(635, 'employer 635', 1),
(636, 'employer 636', 1),
(637, 'employer 637', 1),
(638, 'employer 638', 1),
(639, 'employer 639', 1),
(640, 'employer 640', 1),
(641, 'employer 641', 1),
(642, 'employer 642', 1),
(643, 'employer 643', 1),
(644, 'employer 644', 1),
(645, 'employer 645', 1),
(646, 'employer 646', 1),
(647, 'employer 647', 1),
(648, 'employer 648', 1),
(649, 'employer 649', 1),
(650, 'employer 650', 1),
(651, 'employer 651', 1),
(652, 'employer 652', 1),
(653, 'employer 653', 1),
(654, 'employer 654', 1),
(655, 'employer 655', 1),
(656, 'employer 656', 1),
(657, 'employer 657', 1),
(658, 'employer 658', 1),
(659, 'employer 659', 1),
(660, 'employer 660', 1),
(661, 'employer 661', 1),
(662, 'employer 662', 1),
(663, 'employer 663', 1),
(664, 'employer 664', 1),
(665, 'employer 665', 1),
(666, 'employer 666', 1),
(667, 'employer 667', 1),
(668, 'employer 668', 1),
(669, 'employer 669', 1),
(670, 'employer 670', 1),
(671, 'employer 671', 1),
(672, 'employer 672', 1),
(673, 'employer 673', 1),
(674, 'employer 674', 1),
(675, 'employer 675', 1),
(676, 'employer 676', 1),
(677, 'employer 677', 1),
(678, 'employer 678', 1),
(679, 'employer 679', 1),
(680, 'employer 680', 1),
(681, 'employer 681', 1),
(682, 'employer 682', 1),
(683, 'employer 683', 1),
(684, 'employer 684', 1),
(685, 'employer 685', 1),
(686, 'employer 686', 1),
(687, 'employer 687', 1),
(688, 'employer 688', 1),
(689, 'employer 689', 1),
(690, 'employer 690', 1),
(691, 'employer 691', 1),
(692, 'employer 692', 1),
(693, 'employer 693', 1),
(694, 'employer 694', 1),
(695, 'employer 695', 1),
(696, 'employer 696', 1),
(697, 'employer 697', 1),
(698, 'employer 698', 1),
(699, 'employer 699', 1),
(700, 'employer 700', 1),
(701, 'employer 701', 1),
(702, 'employer 702', 1),
(703, 'employer 703', 1),
(704, 'employer 704', 1),
(705, 'employer 705', 1),
(706, 'employer 706', 1),
(707, 'employer 707', 1),
(708, 'employer 708', 1),
(709, 'employer 709', 1),
(710, 'employer 710', 1),
(711, 'employer 711', 1),
(712, 'employer 712', 1),
(713, 'employer 713', 1),
(714, 'employer 714', 1),
(715, 'employer 715', 1),
(716, 'employer 716', 1),
(717, 'employer 717', 1),
(718, 'employer 718', 1),
(719, 'employer 719', 1),
(720, 'employer 720', 1),
(721, 'employer 721', 1),
(722, 'employer 722', 1),
(723, 'employer 723', 1),
(724, 'employer 724', 1),
(725, 'employer 725', 1),
(726, 'employer 726', 1),
(727, 'employer 727', 1),
(728, 'employer 728', 1),
(729, 'employer 729', 1),
(730, 'employer 730', 1),
(731, 'employer 731', 1),
(732, 'employer 732', 1),
(733, 'employer 733', 1),
(734, 'employer 734', 1),
(735, 'employer 735', 1),
(736, 'employer 736', 1),
(737, 'employer 737', 1),
(738, 'employer 738', 1),
(739, 'employer 739', 1),
(740, 'employer 740', 1),
(741, 'employer 741', 1),
(742, 'employer 742', 1),
(743, 'employer 743', 1),
(744, 'employer 744', 1),
(745, 'employer 745', 1),
(746, 'employer 746', 1),
(747, 'employer 747', 1),
(748, 'employer 748', 1),
(749, 'employer 749', 1),
(750, 'employer 750', 1),
(751, 'employer 751', 1),
(752, 'employer 752', 1),
(753, 'employer 753', 1),
(754, 'employer 754', 1),
(755, 'employer 755', 1),
(756, 'employer 756', 1),
(757, 'employer 757', 1),
(758, 'employer 758', 1),
(759, 'employer 759', 1),
(760, 'employer 760', 1),
(761, 'employer 761', 1),
(762, 'employer 762', 1),
(763, 'employer 763', 1),
(764, 'employer 764', 1),
(765, 'employer 765', 1),
(766, 'employer 766', 1),
(767, 'employer 767', 1),
(768, 'employer 768', 1),
(769, 'employer 769', 1),
(770, 'employer 770', 1),
(771, 'employer 771', 1),
(772, 'employer 772', 1),
(773, 'employer 773', 1),
(774, 'employer 774', 1),
(775, 'employer 775', 1),
(776, 'employer 776', 1),
(777, 'employer 777', 1),
(778, 'employer 778', 1),
(779, 'employer 779', 1),
(780, 'employer 780', 1),
(781, 'employer 781', 1),
(782, 'employer 782', 1),
(783, 'employer 783', 1),
(784, 'employer 784', 1),
(785, 'employer 785', 1),
(786, 'employer 786', 1),
(787, 'employer 787', 1),
(788, 'employer 788', 1),
(789, 'employer 789', 1),
(790, 'employer 790', 1),
(791, 'employer 791', 1),
(792, 'employer 792', 1),
(793, 'employer 793', 1),
(794, 'employer 794', 1),
(795, 'employer 795', 1),
(796, 'employer 796', 1),
(797, 'employer 797', 1),
(798, 'employer 798', 1),
(799, 'employer 799', 1),
(800, 'employer 800', 1),
(801, 'employer 801', 1),
(802, 'employer 802', 1),
(803, 'employer 803', 1),
(804, 'employer 804', 1),
(805, 'employer 805', 1),
(806, 'employer 806', 1),
(807, 'employer 807', 1),
(808, 'employer 808', 1),
(809, 'employer 809', 1),
(810, 'employer 810', 1),
(811, 'employer 811', 1),
(812, 'employer 812', 1),
(813, 'employer 813', 1),
(814, 'employer 814', 1),
(815, 'employer 815', 1),
(816, 'employer 816', 1),
(817, 'employer 817', 1),
(818, 'employer 818', 1),
(819, 'employer 819', 1),
(820, 'employer 820', 1),
(821, 'employer 821', 1),
(822, 'employer 822', 1),
(823, 'employer 823', 1),
(824, 'employer 824', 1),
(825, 'employer 825', 1),
(826, 'employer 826', 1),
(827, 'employer 827', 1),
(828, 'employer 828', 1),
(829, 'employer 829', 1),
(830, 'employer 830', 1),
(831, 'employer 831', 1),
(832, 'employer 832', 1),
(833, 'employer 833', 1),
(834, 'employer 834', 1),
(835, 'employer 835', 1),
(836, 'employer 836', 1),
(837, 'employer 837', 1),
(838, 'employer 838', 1),
(839, 'employer 839', 1),
(840, 'employer 840', 1),
(841, 'employer 841', 1),
(842, 'employer 842', 1),
(843, 'employer 843', 1),
(844, 'employer 844', 1),
(845, 'employer 845', 1),
(846, 'employer 846', 1),
(847, 'employer 847', 1),
(848, 'employer 848', 1),
(849, 'employer 849', 1),
(850, 'employer 850', 1),
(851, 'employer 851', 1),
(852, 'employer 852', 1),
(853, 'employer 853', 1),
(854, 'employer 854', 1),
(855, 'employer 855', 1),
(856, 'employer 856', 1),
(857, 'employer 857', 1),
(858, 'employer 858', 1),
(859, 'employer 859', 1),
(860, 'employer 860', 1),
(861, 'employer 861', 1),
(862, 'employer 862', 1),
(863, 'employer 863', 1),
(864, 'employer 864', 1),
(865, 'employer 865', 1),
(866, 'employer 866', 1),
(867, 'employer 867', 1),
(868, 'employer 868', 1),
(869, 'employer 869', 1),
(870, 'employer 870', 1),
(871, 'employer 871', 1),
(872, 'employer 872', 1),
(873, 'employer 873', 1),
(874, 'employer 874', 1),
(875, 'employer 875', 1),
(876, 'employer 876', 1),
(877, 'employer 877', 1),
(878, 'employer 878', 1),
(879, 'employer 879', 1),
(880, 'employer 880', 1),
(881, 'employer 881', 1),
(882, 'employer 882', 1),
(883, 'employer 883', 1),
(884, 'employer 884', 1),
(885, 'employer 885', 1),
(886, 'employer 886', 1),
(887, 'employer 887', 1),
(888, 'employer 888', 1),
(889, 'employer 889', 1),
(890, 'employer 890', 1),
(891, 'employer 891', 1),
(892, 'employer 892', 1),
(893, 'employer 893', 1),
(894, 'employer 894', 1),
(895, 'employer 895', 1),
(896, 'employer 896', 1),
(897, 'employer 897', 1),
(898, 'employer 898', 1),
(899, 'employer 899', 1),
(900, 'employer 900', 1),
(901, 'employer 901', 1),
(902, 'employer 902', 1),
(903, 'employer 903', 1),
(904, 'employer 904', 1),
(905, 'employer 905', 1),
(906, 'employer 906', 1),
(907, 'employer 907', 1),
(908, 'employer 908', 1),
(909, 'employer 909', 1),
(910, 'employer 910', 1),
(911, 'employer 911', 1),
(912, 'employer 912', 1),
(913, 'employer 913', 1),
(914, 'employer 914', 1),
(915, 'employer 915', 1),
(916, 'employer 916', 1),
(917, 'employer 917', 1),
(918, 'employer 918', 1),
(919, 'employer 919', 1),
(920, 'employer 920', 1),
(921, 'employer 921', 1),
(922, 'employer 922', 1),
(923, 'employer 923', 1),
(924, 'employer 924', 1),
(925, 'employer 925', 1),
(926, 'employer 926', 1),
(927, 'employer 927', 1),
(928, 'employer 928', 1),
(929, 'employer 929', 1),
(930, 'employer 930', 1),
(931, 'employer 931', 1),
(932, 'employer 932', 1),
(933, 'employer 933', 1),
(934, 'employer 934', 1),
(935, 'employer 935', 1),
(936, 'employer 936', 1),
(937, 'employer 937', 1),
(938, 'employer 938', 1),
(939, 'employer 939', 1),
(940, 'employer 940', 1),
(941, 'employer 941', 1),
(942, 'employer 942', 1),
(943, 'employer 943', 1),
(944, 'employer 944', 1),
(945, 'employer 945', 1),
(946, 'employer 946', 1),
(947, 'employer 947', 1),
(948, 'employer 948', 1),
(949, 'employer 949', 1),
(950, 'employer 950', 1),
(951, 'employer 951', 1),
(952, 'employer 952', 1),
(953, 'employer 953', 1),
(954, 'employer 954', 1),
(955, 'employer 955', 1),
(956, 'employer 956', 1),
(957, 'employer 957', 1),
(958, 'employer 958', 1),
(959, 'employer 959', 1),
(960, 'employer 960', 1),
(961, 'employer 961', 1),
(962, 'employer 962', 1),
(963, 'employer 963', 1),
(964, 'employer 964', 1),
(965, 'employer 965', 1),
(966, 'employer 966', 1),
(967, 'employer 967', 1),
(968, 'employer 968', 1),
(969, 'employer 969', 1),
(970, 'employer 970', 1),
(971, 'employer 971', 1),
(972, 'employer 972', 1),
(973, 'employer 973', 1),
(974, 'employer 974', 1),
(975, 'employer 975', 1),
(976, 'employer 976', 1),
(977, 'employer 977', 1),
(978, 'employer 978', 1),
(979, 'employer 979', 1),
(980, 'employer 980', 1),
(981, 'employer 981', 1),
(982, 'employer 982', 1),
(983, 'employer 983', 1),
(984, 'employer 984', 1),
(985, 'employer 985', 1),
(986, 'employer 986', 1),
(987, 'employer 987', 1),
(988, 'employer 988', 1),
(989, 'employer 989', 1),
(990, 'employer 990', 1),
(991, 'employer 991', 1),
(992, 'employer 992', 1),
(993, 'employer 993', 1),
(994, 'employer 994', 1),
(995, 'employer 995', 1),
(996, 'employer 996', 1),
(997, 'employer 997', 1),
(998, 'employer 998', 1),
(999, 'employer 999', 1),
(1000, 'employer 1000', 1),
(1001, 'employer 1001', 1),
(1002, 'employer 1002', 1),
(1003, 'employer 1003', 1),
(1004, 'employer 1004', 1),
(1005, 'employer 1005', 1),
(1006, 'employer 1006', 1),
(1007, 'employer 1007', 1),
(1008, 'employer 1008', 1),
(1009, 'employer 1009', 1),
(1010, 'employer 1010', 1),
(1011, 'employer 1011', 1),
(1012, 'employer 1012', 1),
(1013, 'employer 1013', 1),
(1014, 'employer 1014', 1),
(1015, 'employer 1015', 1),
(1016, 'employer 1016', 1),
(1017, 'employer 1017', 1),
(1018, 'employer 1018', 1),
(1019, 'employer 1019', 1),
(1020, 'employer 1020', 1),
(1021, 'employer 1021', 1),
(1022, 'employer 1022', 1),
(1023, 'employer 1023', 1),
(1024, 'employer 1024', 1),
(1025, 'employer 1025', 1),
(1026, 'employer 1026', 1),
(1027, 'employer 1027', 1),
(1028, 'employer 1028', 1),
(1029, 'employer 1029', 1),
(1030, 'employer 1030', 1),
(1031, 'employer 1031', 1),
(1032, 'employer 1032', 1),
(1033, 'employer 1033', 1),
(1034, 'employer 1034', 1),
(1035, 'employer 1035', 1),
(1036, 'employer 1036', 1),
(1037, 'employer 1037', 1),
(1038, 'employer 1038', 1),
(1039, 'employer 1039', 1),
(1040, 'employer 1040', 1),
(1041, 'employer 1041', 1),
(1042, 'employer 1042', 1),
(1043, 'employer 1043', 1),
(1044, 'employer 1044', 1),
(1045, 'employer 1045', 1),
(1046, 'employer 1046', 1),
(1047, 'employer 1047', 1),
(1048, 'employer 1048', 1),
(1049, 'employer 1049', 1),
(1050, 'employer 1050', 1),
(1051, 'employer 1051', 1),
(1052, 'employer 1052', 1),
(1053, 'employer 1053', 1),
(1054, 'employer 1054', 1),
(1055, 'employer 1055', 1),
(1056, 'employer 1056', 1),
(1057, 'employer 1057', 1),
(1058, 'employer 1058', 1),
(1059, 'employer 1059', 1),
(1060, 'employer 1060', 1),
(1061, 'employer 1061', 1),
(1062, 'employer 1062', 1),
(1063, 'employer 1063', 1),
(1064, 'employer 1064', 1),
(1065, 'employer 1065', 1),
(1066, 'employer 1066', 1),
(1067, 'employer 1067', 1),
(1068, 'employer 1068', 1),
(1069, 'employer 1069', 1),
(1070, 'employer 1070', 1),
(1071, 'employer 1071', 1),
(1072, 'employer 1072', 1),
(1073, 'employer 1073', 1),
(1074, 'employer 1074', 1),
(1075, 'employer 1075', 1),
(1076, 'employer 1076', 1),
(1077, 'employer 1077', 1),
(1078, 'employer 1078', 1),
(1079, 'employer 1079', 1),
(1080, 'employer 1080', 1),
(1081, 'employer 1081', 1),
(1082, 'employer 1082', 1),
(1083, 'employer 1083', 1),
(1084, 'employer 1084', 1),
(1085, 'employer 1085', 1),
(1086, 'employer 1086', 1),
(1087, 'employer 1087', 1),
(1088, 'employer 1088', 1),
(1089, 'employer 1089', 1),
(1090, 'employer 1090', 1),
(1091, 'employer 1091', 1),
(1092, 'employer 1092', 1),
(1093, 'employer 1093', 1),
(1094, 'employer 1094', 1),
(1095, 'employer 1095', 1),
(1096, 'employer 1096', 1),
(1097, 'employer 1097', 1),
(1098, 'employer 1098', 1),
(1099, 'employer 1099', 1),
(1100, 'employer 1100', 1),
(1101, 'employer 1101', 1),
(1102, 'employer 1102', 1),
(1103, 'employer 1103', 1),
(1104, 'employer 1104', 1),
(1105, 'employer 1105', 1),
(1106, 'employer 1106', 1),
(1107, 'employer 1107', 1),
(1108, 'employer 1108', 1),
(1109, 'employer 1109', 1),
(1110, 'employer 1110', 1),
(1111, 'employer 1111', 1),
(1112, 'employer 1112', 1),
(1113, 'employer 1113', 1),
(1114, 'employer 1114', 1),
(1115, 'employer 1115', 1),
(1116, 'employer 1116', 1),
(1117, 'employer 1117', 1),
(1118, 'employer 1118', 1),
(1119, 'employer 1119', 1),
(1120, 'employer 1120', 1),
(1121, 'employer 1121', 1),
(1122, 'employer 1122', 1),
(1123, 'employer 1123', 1),
(1124, 'employer 1124', 1),
(1125, 'employer 1125', 1),
(1126, 'employer 1126', 1),
(1127, 'employer 1127', 1),
(1128, 'employer 1128', 1),
(1129, 'employer 1129', 1),
(1130, 'employer 1130', 1),
(1131, 'employer 1131', 1),
(1132, 'employer 1132', 1),
(1133, 'employer 1133', 1),
(1134, 'employer 1134', 1),
(1135, 'employer 1135', 1),
(1136, 'employer 1136', 1),
(1137, 'employer 1137', 1),
(1138, 'employer 1138', 1),
(1139, 'employer 1139', 1),
(1140, 'employer 1140', 1),
(1141, 'employer 1141', 1),
(1142, 'employer 1142', 1),
(1143, 'employer 1143', 1),
(1144, 'employer 1144', 1),
(1145, 'employer 1145', 1),
(1146, 'employer 1146', 1),
(1147, 'employer 1147', 1),
(1148, 'employer 1148', 1),
(1149, 'employer 1149', 1),
(1150, 'employer 1150', 1),
(1151, 'employer 1151', 1),
(1152, 'employer 1152', 1),
(1153, 'employer 1153', 1),
(1154, 'employer 1154', 1),
(1155, 'employer 1155', 1),
(1156, 'employer 1156', 1),
(1157, 'employer 1157', 1),
(1158, 'employer 1158', 1),
(1159, 'employer 1159', 1),
(1160, 'employer 1160', 1),
(1161, 'employer 1161', 1),
(1162, 'employer 1162', 1),
(1163, 'employer 1163', 1),
(1164, 'employer 1164', 1),
(1165, 'employer 1165', 1),
(1166, 'employer 1166', 1),
(1167, 'employer 1167', 1),
(1168, 'employer 1168', 1),
(1169, 'employer 1169', 1),
(1170, 'employer 1170', 1),
(1171, 'employer 1171', 1),
(1172, 'employer 1172', 1),
(1173, 'employer 1173', 1),
(1174, 'employer 1174', 1),
(1175, 'employer 1175', 1),
(1176, 'employer 1176', 1),
(1177, 'employer 1177', 1),
(1178, 'employer 1178', 1),
(1179, 'employer 1179', 1),
(1180, 'employer 1180', 1),
(1181, 'employer 1181', 1),
(1182, 'employer 1182', 1),
(1183, 'employer 1183', 1),
(1184, 'employer 1184', 1),
(1185, 'employer 1185', 1),
(1186, 'employer 1186', 1),
(1187, 'employer 1187', 1),
(1188, 'employer 1188', 1),
(1189, 'employer 1189', 1),
(1190, 'employer 1190', 1),
(1191, 'employer 1191', 1),
(1192, 'employer 1192', 1),
(1193, 'employer 1193', 1),
(1194, 'employer 1194', 1),
(1195, 'employer 1195', 1),
(1196, 'employer 1196', 1),
(1197, 'employer 1197', 1),
(1198, 'employer 1198', 1),
(1199, 'employer 1199', 1),
(1200, 'employer 1200', 1),
(1201, 'employer 1201', 1),
(1202, 'employer 1202', 1),
(1203, 'employer 1203', 1),
(1204, 'employer 1204', 1),
(1205, 'employer 1205', 1),
(1206, 'employer 1206', 1),
(1207, 'employer 1207', 1),
(1208, 'employer 1208', 1),
(1209, 'employer 1209', 1),
(1210, 'employer 1210', 1),
(1211, 'employer 1211', 1),
(1212, 'employer 1212', 1),
(1213, 'employer 1213', 1),
(1214, 'employer 1214', 1),
(1215, 'employer 1215', 1),
(1216, 'employer 1216', 1),
(1217, 'employer 1217', 1),
(1218, 'employer 1218', 1),
(1219, 'employer 1219', 1),
(1220, 'employer 1220', 1),
(1221, 'employer 1221', 1),
(1222, 'employer 1222', 1),
(1223, 'employer 1223', 1),
(1224, 'employer 1224', 1),
(1225, 'employer 1225', 1),
(1226, 'employer 1226', 1),
(1227, 'employer 1227', 1),
(1228, 'employer 1228', 1),
(1229, 'employer 1229', 1),
(1230, 'employer 1230', 1),
(1231, 'employer 1231', 1),
(1232, 'employer 1232', 1),
(1233, 'employer 1233', 1),
(1234, 'employer 1234', 1),
(1235, 'employer 1235', 1),
(1236, 'employer 1236', 1),
(1237, 'employer 1237', 1),
(1238, 'employer 1238', 1),
(1239, 'employer 1239', 1),
(1240, 'employer 1240', 1),
(1241, 'employer 1241', 1),
(1242, 'employer 1242', 1),
(1243, 'employer 1243', 1),
(1244, 'employer 1244', 1),
(1245, 'employer 1245', 1),
(1246, 'employer 1246', 1),
(1247, 'employer 1247', 1),
(1248, 'employer 1248', 1),
(1249, 'employer 1249', 1),
(1250, 'employer 1250', 1),
(1251, 'employer 1251', 1),
(1252, 'employer 1252', 1),
(1253, 'employer 1253', 1),
(1254, 'employer 1254', 1),
(1255, 'employer 1255', 1),
(1256, 'employer 1256', 1),
(1257, 'employer 1257', 1),
(1258, 'employer 1258', 1),
(1259, 'employer 1259', 1),
(1260, 'employer 1260', 1),
(1261, 'employer 1261', 1),
(1262, 'employer 1262', 1),
(1263, 'employer 1263', 1),
(1264, 'employer 1264', 1),
(1265, 'employer 1265', 1),
(1266, 'employer 1266', 1),
(1267, 'employer 1267', 1),
(1268, 'employer 1268', 1),
(1269, 'employer 1269', 1),
(1270, 'employer 1270', 1),
(1271, 'employer 1271', 1),
(1272, 'employer 1272', 1),
(1273, 'employer 1273', 1),
(1274, 'employer 1274', 1),
(1275, 'employer 1275', 1),
(1276, 'employer 1276', 1),
(1277, 'employer 1277', 1),
(1278, 'employer 1278', 1),
(1279, 'employer 1279', 1),
(1280, 'employer 1280', 1),
(1281, 'employer 1281', 1),
(1282, 'employer 1282', 1),
(1283, 'employer 1283', 1),
(1284, 'employer 1284', 1),
(1285, 'employer 1285', 1),
(1286, 'employer 1286', 1),
(1287, 'employer 1287', 1),
(1288, 'employer 1288', 1),
(1289, 'employer 1289', 1),
(1290, 'employer 1290', 1),
(1291, 'employer 1291', 1),
(1292, 'employer 1292', 1),
(1293, 'employer 1293', 1),
(1294, 'employer 1294', 1),
(1295, 'employer 1295', 1),
(1296, 'employer 1296', 1),
(1297, 'employer 1297', 1),
(1298, 'employer 1298', 1),
(1299, 'employer 1299', 1),
(1300, 'employer 1300', 1),
(1301, 'employer 1301', 1),
(1302, 'employer 1302', 1),
(1303, 'employer 1303', 1),
(1304, 'employer 1304', 1),
(1305, 'employer 1305', 1),
(1306, 'employer 1306', 1),
(1307, 'employer 1307', 1),
(1308, 'employer 1308', 1),
(1309, 'employer 1309', 1),
(1310, 'employer 1310', 1),
(1311, 'employer 1311', 1),
(1312, 'employer 1312', 1),
(1313, 'employer 1313', 1),
(1314, 'employer 1314', 1),
(1315, 'employer 1315', 1),
(1316, 'employer 1316', 1),
(1317, 'employer 1317', 1),
(1318, 'employer 1318', 1),
(1319, 'employer 1319', 1),
(1320, 'employer 1320', 1),
(1321, 'employer 1321', 1),
(1322, 'employer 1322', 1),
(1323, 'employer 1323', 1),
(1324, 'employer 1324', 1),
(1325, 'employer 1325', 1),
(1326, 'employer 1326', 1),
(1327, 'employer 1327', 1),
(1328, 'employer 1328', 1),
(1329, 'employer 1329', 1),
(1330, 'employer 1330', 1),
(1331, 'employer 1331', 1),
(1332, 'employer 1332', 1),
(1333, 'employer 1333', 1),
(1334, 'employer 1334', 1),
(1335, 'employer 1335', 1),
(1336, 'employer 1336', 1),
(1337, 'employer 1337', 1),
(1338, 'employer 1338', 1),
(1339, 'employer 1339', 1),
(1340, 'employer 1340', 1),
(1341, 'employer 1341', 1),
(1342, 'employer 1342', 1),
(1343, 'employer 1343', 1),
(1344, 'employer 1344', 1),
(1345, 'employer 1345', 1),
(1346, 'employer 1346', 1),
(1347, 'employer 1347', 1),
(1348, 'employer 1348', 1),
(1349, 'employer 1349', 1),
(1350, 'employer 1350', 1),
(1351, 'employer 1351', 1),
(1352, 'employer 1352', 1),
(1353, 'employer 1353', 1),
(1354, 'employer 1354', 1),
(1355, 'employer 1355', 1),
(1356, 'employer 1356', 1),
(1357, 'employer 1357', 1),
(1358, 'employer 1358', 1),
(1359, 'employer 1359', 1),
(1360, 'employer 1360', 1),
(1361, 'employer 1361', 1),
(1362, 'employer 1362', 1),
(1363, 'employer 1363', 1),
(1364, 'employer 1364', 1),
(1365, 'employer 1365', 1),
(1366, 'employer 1366', 1),
(1367, 'employer 1367', 1),
(1368, 'employer 1368', 1),
(1369, 'employer 1369', 1),
(1370, 'employer 1370', 1),
(1371, 'employer 1371', 1),
(1372, 'employer 1372', 1),
(1373, 'employer 1373', 1),
(1374, 'employer 1374', 1),
(1375, 'employer 1375', 1),
(1376, 'employer 1376', 1),
(1377, 'employer 1377', 1),
(1378, 'employer 1378', 1),
(1379, 'employer 1379', 1),
(1380, 'employer 1380', 1),
(1381, 'employer 1381', 1),
(1382, 'employer 1382', 1),
(1383, 'employer 1383', 1),
(1384, 'employer 1384', 1),
(1385, 'employer 1385', 1),
(1386, 'employer 1386', 1),
(1387, 'employer 1387', 1),
(1388, 'employer 1388', 1),
(1389, 'employer 1389', 1),
(1390, 'employer 1390', 1),
(1391, 'employer 1391', 1),
(1392, 'employer 1392', 1),
(1393, 'employer 1393', 1),
(1394, 'employer 1394', 1),
(1395, 'employer 1395', 1),
(1396, 'employer 1396', 1),
(1397, 'employer 1397', 1),
(1398, 'employer 1398', 1),
(1399, 'employer 1399', 1),
(1400, 'employer 1400', 1),
(1401, 'employer 1401', 1),
(1402, 'employer 1402', 1),
(1403, 'employer 1403', 1),
(1404, 'employer 1404', 1),
(1405, 'employer 1405', 1),
(1406, 'employer 1406', 1),
(1407, 'employer 1407', 1),
(1408, 'employer 1408', 1),
(1409, 'employer 1409', 1),
(1410, 'employer 1410', 1),
(1411, 'employer 1411', 1),
(1412, 'employer 1412', 1),
(1413, 'employer 1413', 1),
(1414, 'employer 1414', 1),
(1415, 'employer 1415', 1),
(1416, 'employer 1416', 1),
(1417, 'employer 1417', 1),
(1418, 'employer 1418', 1),
(1419, 'employer 1419', 1),
(1420, 'employer 1420', 1),
(1421, 'employer 1421', 1),
(1422, 'employer 1422', 1),
(1423, 'employer 1423', 1),
(1424, 'employer 1424', 1),
(1425, 'employer 1425', 1),
(1426, 'employer 1426', 1),
(1427, 'employer 1427', 1),
(1428, 'employer 1428', 1),
(1429, 'employer 1429', 1),
(1430, 'employer 1430', 1),
(1431, 'employer 1431', 1),
(1432, 'employer 1432', 1),
(1433, 'employer 1433', 1),
(1434, 'employer 1434', 1),
(1435, 'employer 1435', 1),
(1436, 'employer 1436', 1),
(1437, 'employer 1437', 1),
(1438, 'employer 1438', 1),
(1439, 'employer 1439', 1),
(1440, 'employer 1440', 1),
(1441, 'employer 1441', 1),
(1442, 'employer 1442', 1),
(1443, 'employer 1443', 1),
(1444, 'employer 1444', 1),
(1445, 'employer 1445', 1),
(1446, 'employer 1446', 1),
(1447, 'employer 1447', 1),
(1448, 'employer 1448', 1),
(1449, 'employer 1449', 1),
(1450, 'employer 1450', 1),
(1451, 'employer 1451', 1),
(1452, 'employer 1452', 1),
(1453, 'employer 1453', 1),
(1454, 'employer 1454', 1),
(1455, 'employer 1455', 1),
(1456, 'employer 1456', 1),
(1457, 'employer 1457', 1),
(1458, 'employer 1458', 1),
(1459, 'employer 1459', 1),
(1460, 'employer 1460', 1),
(1461, 'employer 1461', 1),
(1462, 'employer 1462', 1),
(1463, 'employer 1463', 1),
(1464, 'employer 1464', 1),
(1465, 'employer 1465', 1),
(1466, 'employer 1466', 1),
(1467, 'employer 1467', 1),
(1468, 'employer 1468', 1),
(1469, 'employer 1469', 1),
(1470, 'employer 1470', 1),
(1471, 'employer 1471', 1),
(1472, 'employer 1472', 1),
(1473, 'employer 1473', 1),
(1474, 'employer 1474', 1),
(1475, 'employer 1475', 1),
(1476, 'employer 1476', 1),
(1477, 'employer 1477', 1),
(1478, 'employer 1478', 1),
(1479, 'employer 1479', 1),
(1480, 'employer 1480', 1),
(1481, 'employer 1481', 1),
(1482, 'employer 1482', 1),
(1483, 'employer 1483', 1),
(1484, 'employer 1484', 1),
(1485, 'employer 1485', 1),
(1486, 'employer 1486', 1),
(1487, 'employer 1487', 1),
(1488, 'employer 1488', 1),
(1489, 'employer 1489', 1),
(1490, 'employer 1490', 1),
(1491, 'employer 1491', 1),
(1492, 'employer 1492', 1),
(1493, 'employer 1493', 1),
(1494, 'employer 1494', 1),
(1495, 'employer 1495', 1),
(1496, 'employer 1496', 1),
(1497, 'employer 1497', 1),
(1498, 'employer 1498', 1),
(1499, 'employer 1499', 1),
(1500, 'employer 1500', 1),
(1501, 'employer 1501', 1),
(1502, 'employer 1502', 1),
(1503, 'employer 1503', 1),
(1504, 'employer 1504', 1),
(1505, 'employer 1505', 1),
(1506, 'employer 1506', 1),
(1507, 'employer 1507', 1),
(1508, 'employer 1508', 1),
(1509, 'employer 1509', 1),
(1510, 'employer 1510', 1),
(1511, 'employer 1511', 1),
(1512, 'employer 1512', 1),
(1513, 'employer 1513', 1),
(1514, 'employer 1514', 1),
(1515, 'employer 1515', 1),
(1516, 'employer 1516', 1),
(1517, 'employer 1517', 1),
(1518, 'employer 1518', 1),
(1519, 'employer 1519', 1),
(1520, 'employer 1520', 1),
(1521, 'employer 1521', 1),
(1522, 'employer 1522', 1),
(1523, 'employer 1523', 1),
(1524, 'employer 1524', 1),
(1525, 'employer 1525', 1),
(1526, 'employer 1526', 1),
(1527, 'employer 1527', 1),
(1528, 'employer 1528', 1),
(1529, 'employer 1529', 1),
(1530, 'employer 1530', 1),
(1531, 'employer 1531', 1),
(1532, 'employer 1532', 1),
(1533, 'employer 1533', 1),
(1534, 'employer 1534', 1),
(1535, 'employer 1535', 1),
(1536, 'employer 1536', 1),
(1537, 'employer 1537', 1),
(1538, 'employer 1538', 1),
(1539, 'employer 1539', 1),
(1540, 'employer 1540', 1),
(1541, 'employer 1541', 1),
(1542, 'employer 1542', 1),
(1543, 'employer 1543', 1),
(1544, 'employer 1544', 1),
(1545, 'employer 1545', 1),
(1546, 'employer 1546', 1),
(1547, 'employer 1547', 1),
(1548, 'employer 1548', 1),
(1549, 'employer 1549', 1),
(1550, 'employer 1550', 1),
(1551, 'employer 1551', 1),
(1552, 'employer 1552', 1),
(1553, 'employer 1553', 1),
(1554, 'employer 1554', 1),
(1555, 'employer 1555', 1),
(1556, 'employer 1556', 1),
(1557, 'employer 1557', 1),
(1558, 'employer 1558', 1),
(1559, 'employer 1559', 1),
(1560, 'employer 1560', 1),
(1561, 'employer 1561', 1),
(1562, 'employer 1562', 1),
(1563, 'employer 1563', 1),
(1564, 'employer 1564', 1),
(1565, 'employer 1565', 1),
(1566, 'employer 1566', 1),
(1567, 'employer 1567', 1),
(1568, 'employer 1568', 1),
(1569, 'employer 1569', 1),
(1570, 'employer 1570', 1),
(1571, 'employer 1571', 1),
(1572, 'employer 1572', 1),
(1573, 'employer 1573', 1),
(1574, 'employer 1574', 1),
(1575, 'employer 1575', 1),
(1576, 'employer 1576', 1),
(1577, 'employer 1577', 1),
(1578, 'employer 1578', 1),
(1579, 'employer 1579', 1),
(1580, 'employer 1580', 1),
(1581, 'employer 1581', 1),
(1582, 'employer 1582', 1),
(1583, 'employer 1583', 1),
(1584, 'employer 1584', 1),
(1585, 'employer 1585', 1),
(1586, 'employer 1586', 1),
(1587, 'employer 1587', 1),
(1588, 'employer 1588', 1),
(1589, 'employer 1589', 1),
(1590, 'employer 1590', 1),
(1591, 'employer 1591', 1),
(1592, 'employer 1592', 1),
(1593, 'employer 1593', 1),
(1594, 'employer 1594', 1),
(1595, 'employer 1595', 1),
(1596, 'employer 1596', 1),
(1597, 'employer 1597', 1),
(1598, 'employer 1598', 1),
(1599, 'employer 1599', 1),
(1600, 'employer 1600', 1),
(1601, 'employer 1601', 1),
(1602, 'employer 1602', 1),
(1603, 'employer 1603', 1),
(1604, 'employer 1604', 1),
(1605, 'employer 1605', 1),
(1606, 'employer 1606', 1),
(1607, 'employer 1607', 1),
(1608, 'employer 1608', 1),
(1609, 'employer 1609', 1),
(1610, 'employer 1610', 1),
(1611, 'employer 1611', 1),
(1612, 'employer 1612', 1),
(1613, 'employer 1613', 1),
(1614, 'employer 1614', 1),
(1615, 'employer 1615', 1),
(1616, 'employer 1616', 1),
(1617, 'employer 1617', 1),
(1618, 'employer 1618', 1),
(1619, 'employer 1619', 1),
(1620, 'employer 1620', 1),
(1621, 'employer 1621', 1),
(1622, 'employer 1622', 1),
(1623, 'employer 1623', 1),
(1624, 'employer 1624', 1),
(1625, 'employer 1625', 1),
(1626, 'employer 1626', 1),
(1627, 'employer 1627', 1),
(1628, 'employer 1628', 1),
(1629, 'employer 1629', 1),
(1630, 'employer 1630', 1),
(1631, 'employer 1631', 1),
(1632, 'employer 1632', 1),
(1633, 'employer 1633', 1),
(1634, 'employer 1634', 1),
(1635, 'employer 1635', 1),
(1636, 'employer 1636', 1),
(1637, 'employer 1637', 1),
(1638, 'employer 1638', 1),
(1639, 'employer 1639', 1),
(1640, 'employer 1640', 1),
(1641, 'employer 1641', 1),
(1642, 'employer 1642', 1),
(1643, 'employer 1643', 1),
(1644, 'employer 1644', 1),
(1645, 'employer 1645', 1),
(1646, 'employer 1646', 1),
(1647, 'employer 1647', 1),
(1648, 'employer 1648', 1),
(1649, 'employer 1649', 1),
(1650, 'employer 1650', 1),
(1651, 'employer 1651', 1),
(1652, 'employer 1652', 1),
(1653, 'employer 1653', 1),
(1654, 'employer 1654', 1),
(1655, 'employer 1655', 1),
(1656, 'employer 1656', 1),
(1657, 'employer 1657', 1),
(1658, 'employer 1658', 1),
(1659, 'employer 1659', 1),
(1660, 'employer 1660', 1),
(1661, 'employer 1661', 1),
(1662, 'employer 1662', 1),
(1663, 'employer 1663', 1),
(1664, 'employer 1664', 1),
(1665, 'employer 1665', 1),
(1666, 'employer 1666', 1),
(1667, 'employer 1667', 1),
(1668, 'employer 1668', 1),
(1669, 'employer 1669', 1),
(1670, 'employer 1670', 1),
(1671, 'employer 1671', 1),
(1672, 'employer 1672', 1),
(1673, 'employer 1673', 1),
(1674, 'employer 1674', 1),
(1675, 'employer 1675', 1),
(1676, 'employer 1676', 1),
(1677, 'employer 1677', 1),
(1678, 'employer 1678', 1),
(1679, 'employer 1679', 1),
(1680, 'employer 1680', 1),
(1681, 'employer 1681', 1),
(1682, 'employer 1682', 1),
(1683, 'employer 1683', 1),
(1684, 'employer 1684', 1),
(1685, 'employer 1685', 1),
(1686, 'employer 1686', 1),
(1687, 'employer 1687', 1),
(1688, 'employer 1688', 1),
(1689, 'employer 1689', 1),
(1690, 'employer 1690', 1),
(1691, 'employer 1691', 1),
(1692, 'employer 1692', 1),
(1693, 'employer 1693', 1),
(1694, 'employer 1694', 1),
(1695, 'employer 1695', 1),
(1696, 'employer 1696', 1),
(1697, 'employer 1697', 1),
(1698, 'employer 1698', 1),
(1699, 'employer 1699', 1),
(1700, 'employer 1700', 1),
(1701, 'employer 1701', 1),
(1702, 'employer 1702', 1),
(1703, 'employer 1703', 1),
(1704, 'employer 1704', 1),
(1705, 'employer 1705', 1),
(1706, 'employer 1706', 1),
(1707, 'employer 1707', 1),
(1708, 'employer 1708', 1),
(1709, 'employer 1709', 1),
(1710, 'employer 1710', 1),
(1711, 'employer 1711', 1),
(1712, 'employer 1712', 1),
(1713, 'employer 1713', 1),
(1714, 'employer 1714', 1),
(1715, 'employer 1715', 1),
(1716, 'employer 1716', 1),
(1717, 'employer 1717', 1),
(1718, 'employer 1718', 1),
(1719, 'employer 1719', 1),
(1720, 'employer 1720', 1),
(1721, 'employer 1721', 1),
(1722, 'employer 1722', 1),
(1723, 'employer 1723', 1),
(1724, 'employer 1724', 1),
(1725, 'employer 1725', 1),
(1726, 'employer 1726', 1),
(1727, 'employer 1727', 1),
(1728, 'employer 1728', 1),
(1729, 'employer 1729', 1),
(1730, 'employer 1730', 1),
(1731, 'employer 1731', 1),
(1732, 'employer 1732', 1),
(1733, 'employer 1733', 1),
(1734, 'employer 1734', 1),
(1735, 'employer 1735', 1),
(1736, 'employer 1736', 1),
(1737, 'employer 1737', 1),
(1738, 'employer 1738', 1),
(1739, 'employer 1739', 1),
(1740, 'employer 1740', 1),
(1741, 'employer 1741', 1),
(1742, 'employer 1742', 1),
(1743, 'employer 1743', 1),
(1744, 'employer 1744', 1),
(1745, 'employer 1745', 1),
(1746, 'employer 1746', 1),
(1747, 'employer 1747', 1),
(1748, 'employer 1748', 1),
(1749, 'employer 1749', 1),
(1750, 'employer 1750', 1),
(1751, 'employer 1751', 1),
(1752, 'employer 1752', 1),
(1753, 'employer 1753', 1),
(1754, 'employer 1754', 1),
(1755, 'employer 1755', 1),
(1756, 'employer 1756', 1),
(1757, 'employer 1757', 1),
(1758, 'employer 1758', 1),
(1759, 'employer 1759', 1),
(1760, 'employer 1760', 1),
(1761, 'employer 1761', 1),
(1762, 'employer 1762', 1),
(1763, 'employer 1763', 1),
(1764, 'employer 1764', 1),
(1765, 'employer 1765', 1),
(1766, 'employer 1766', 1),
(1767, 'employer 1767', 1),
(1768, 'employer 1768', 1),
(1769, 'employer 1769', 1),
(1770, 'employer 1770', 1),
(1771, 'employer 1771', 1),
(1772, 'employer 1772', 1),
(1773, 'employer 1773', 1),
(1774, 'employer 1774', 1),
(1775, 'employer 1775', 1),
(1776, 'employer 1776', 1),
(1777, 'employer 1777', 1),
(1778, 'employer 1778', 1),
(1779, 'employer 1779', 1),
(1780, 'employer 1780', 1),
(1781, 'employer 1781', 1),
(1782, 'employer 1782', 1),
(1783, 'employer 1783', 1),
(1784, 'employer 1784', 1),
(1785, 'employer 1785', 1),
(1786, 'employer 1786', 1),
(1787, 'employer 1787', 1),
(1788, 'employer 1788', 1),
(1789, 'employer 1789', 1),
(1790, 'employer 1790', 1),
(1791, 'employer 1791', 1),
(1792, 'employer 1792', 1),
(1793, 'employer 1793', 1),
(1794, 'employer 1794', 1),
(1795, 'employer 1795', 1),
(1796, 'employer 1796', 1),
(1797, 'employer 1797', 1),
(1798, 'employer 1798', 1),
(1799, 'employer 1799', 1),
(1800, 'employer 1800', 1),
(1801, 'employer 1801', 1),
(1802, 'employer 1802', 1),
(1803, 'employer 1803', 1),
(1804, 'employer 1804', 1),
(1805, 'employer 1805', 1),
(1806, 'employer 1806', 1),
(1807, 'employer 1807', 1),
(1808, 'employer 1808', 1),
(1809, 'employer 1809', 1),
(1810, 'employer 1810', 1),
(1811, 'employer 1811', 1),
(1812, 'employer 1812', 1),
(1813, 'employer 1813', 1),
(1814, 'employer 1814', 1),
(1815, 'employer 1815', 1),
(1816, 'employer 1816', 1),
(1817, 'employer 1817', 1),
(1818, 'employer 1818', 1),
(1819, 'employer 1819', 1),
(1820, 'employer 1820', 1),
(1821, 'employer 1821', 1),
(1822, 'employer 1822', 1),
(1823, 'employer 1823', 1),
(1824, 'employer 1824', 1),
(1825, 'employer 1825', 1),
(1826, 'employer 1826', 1),
(1827, 'employer 1827', 1),
(1828, 'employer 1828', 1),
(1829, 'employer 1829', 1),
(1830, 'employer 1830', 1),
(1831, 'employer 1831', 1),
(1832, 'employer 1832', 1),
(1833, 'employer 1833', 1),
(1834, 'employer 1834', 1),
(1835, 'employer 1835', 1),
(1836, 'employer 1836', 1),
(1837, 'employer 1837', 1),
(1838, 'employer 1838', 1),
(1839, 'employer 1839', 1),
(1840, 'employer 1840', 1),
(1841, 'employer 1841', 1),
(1842, 'employer 1842', 1),
(1843, 'employer 1843', 1),
(1844, 'employer 1844', 1),
(1845, 'employer 1845', 1),
(1846, 'employer 1846', 1),
(1847, 'employer 1847', 1),
(1848, 'employer 1848', 1),
(1849, 'employer 1849', 1),
(1850, 'employer 1850', 1),
(1851, 'employer 1851', 1),
(1852, 'employer 1852', 1),
(1853, 'employer 1853', 1),
(1854, 'employer 1854', 1),
(1855, 'employer 1855', 1),
(1856, 'employer 1856', 1),
(1857, 'employer 1857', 1),
(1858, 'employer 1858', 1),
(1859, 'employer 1859', 1),
(1860, 'employer 1860', 1),
(1861, 'employer 1861', 1),
(1862, 'employer 1862', 1),
(1863, 'employer 1863', 1),
(1864, 'employer 1864', 1),
(1865, 'employer 1865', 1),
(1866, 'employer 1866', 1),
(1867, 'employer 1867', 1),
(1868, 'employer 1868', 1),
(1869, 'employer 1869', 1),
(1870, 'employer 1870', 1),
(1871, 'employer 1871', 1),
(1872, 'employer 1872', 1),
(1873, 'employer 1873', 1),
(1874, 'employer 1874', 1),
(1875, 'employer 1875', 1),
(1876, 'employer 1876', 1),
(1877, 'employer 1877', 1),
(1878, 'employer 1878', 1),
(1879, 'employer 1879', 1),
(1880, 'employer 1880', 1),
(1881, 'employer 1881', 1),
(1882, 'employer 1882', 1),
(1883, 'employer 1883', 1),
(1884, 'employer 1884', 1),
(1885, 'employer 1885', 1),
(1886, 'employer 1886', 1),
(1887, 'employer 1887', 1),
(1888, 'employer 1888', 1),
(1889, 'employer 1889', 1),
(1890, 'employer 1890', 1),
(1891, 'employer 1891', 1),
(1892, 'employer 1892', 1),
(1893, 'employer 1893', 1),
(1894, 'employer 1894', 1),
(1895, 'employer 1895', 1),
(1896, 'employer 1896', 1),
(1897, 'employer 1897', 1),
(1898, 'employer 1898', 1),
(1899, 'employer 1899', 1),
(1900, 'employer 1900', 1),
(1901, 'employer 1901', 1),
(1902, 'employer 1902', 1),
(1903, 'employer 1903', 1),
(1904, 'employer 1904', 1),
(1905, 'employer 1905', 1),
(1906, 'employer 1906', 1),
(1907, 'employer 1907', 1),
(1908, 'employer 1908', 1),
(1909, 'employer 1909', 1),
(1910, 'employer 1910', 1),
(1911, 'employer 1911', 1),
(1912, 'employer 1912', 1),
(1913, 'employer 1913', 1),
(1914, 'employer 1914', 1),
(1915, 'employer 1915', 1),
(1916, 'employer 1916', 1),
(1917, 'employer 1917', 1),
(1918, 'employer 1918', 1),
(1919, 'employer 1919', 1),
(1920, 'employer 1920', 1),
(1921, 'employer 1921', 1),
(1922, 'employer 1922', 1),
(1923, 'employer 1923', 1),
(1924, 'employer 1924', 1),
(1925, 'employer 1925', 1),
(1926, 'employer 1926', 1),
(1927, 'employer 1927', 1),
(1928, 'employer 1928', 1),
(1929, 'employer 1929', 1),
(1930, 'employer 1930', 1),
(1931, 'employer 1931', 1),
(1932, 'employer 1932', 1),
(1933, 'employer 1933', 1),
(1934, 'employer 1934', 1),
(1935, 'employer 1935', 1),
(1936, 'employer 1936', 1),
(1937, 'employer 1937', 1),
(1938, 'employer 1938', 1),
(1939, 'employer 1939', 1),
(1940, 'employer 1940', 1),
(1941, 'employer 1941', 1),
(1942, 'employer 1942', 1),
(1943, 'employer 1943', 1),
(1944, 'employer 1944', 1),
(1945, 'employer 1945', 1),
(1946, 'employer 1946', 1),
(1947, 'employer 1947', 1),
(1948, 'employer 1948', 1),
(1949, 'employer 1949', 1),
(1950, 'employer 1950', 1),
(1951, 'employer 1951', 1),
(1952, 'employer 1952', 1),
(1953, 'employer 1953', 1),
(1954, 'employer 1954', 1),
(1955, 'employer 1955', 1),
(1956, 'employer 1956', 1),
(1957, 'employer 1957', 1),
(1958, 'employer 1958', 1),
(1959, 'employer 1959', 1),
(1960, 'employer 1960', 1),
(1961, 'employer 1961', 1),
(1962, 'employer 1962', 1),
(1963, 'employer 1963', 1),
(1964, 'employer 1964', 1),
(1965, 'employer 1965', 1),
(1966, 'employer 1966', 1),
(1967, 'employer 1967', 1),
(1968, 'employer 1968', 1),
(1969, 'employer 1969', 1),
(1970, 'employer 1970', 1),
(1971, 'employer 1971', 1),
(1972, 'employer 1972', 1),
(1973, 'employer 1973', 1),
(1974, 'employer 1974', 1),
(1975, 'employer 1975', 1),
(1976, 'employer 1976', 1),
(1977, 'employer 1977', 1),
(1978, 'employer 1978', 1),
(1979, 'employer 1979', 1),
(1980, 'employer 1980', 1),
(1981, 'employer 1981', 1),
(1982, 'employer 1982', 1),
(1983, 'employer 1983', 1),
(1984, 'employer 1984', 1),
(1985, 'employer 1985', 1),
(1986, 'employer 1986', 1),
(1987, 'employer 1987', 1),
(1988, 'employer 1988', 1),
(1989, 'employer 1989', 1),
(1990, 'employer 1990', 1),
(1991, 'employer 1991', 1),
(1992, 'employer 1992', 1),
(1993, 'employer 1993', 1),
(1994, 'employer 1994', 1),
(1995, 'employer 1995', 1),
(1996, 'employer 1996', 1),
(1997, 'employer 1997', 1),
(1998, 'employer 1998', 1),
(1999, 'employer 1999', 1),
(2000, 'employer 2000', 1),
(2001, 'employer 2001', 1),
(2002, 'employer 2002', 1),
(2003, 'employer 2003', 1),
(2004, 'employer 2004', 1),
(2005, 'employer 2005', 1);
INSERT INTO `employee` (`id`, `name`, `department`) VALUES
(2006, 'employer 2006', 1),
(2007, 'employer 2007', 1),
(2008, 'employer 2008', 1),
(2009, 'employer 2009', 1),
(2010, 'employer 2010', 1),
(2011, 'employer 2011', 1),
(2012, 'employer 2012', 1),
(2013, 'employer 2013', 1),
(2014, 'employer 2014', 1),
(2015, 'employer 2015', 1),
(2016, 'employer 2016', 1),
(2017, 'employer 2017', 1),
(2018, 'employer 2018', 1),
(2019, 'employer 2019', 1),
(2020, 'employer 2020', 1),
(2021, 'employer 2021', 1),
(2022, 'employer 2022', 1),
(2023, 'employer 2023', 1),
(2024, 'employer 2024', 1),
(2025, 'employer 2025', 1),
(2026, 'employer 2026', 1),
(2027, 'employer 2027', 1),
(2028, 'employer 2028', 1),
(2029, 'employer 2029', 1),
(2030, 'employer 2030', 1),
(2031, 'employer 2031', 1),
(2032, 'employer 2032', 1),
(2033, 'employer 2033', 1),
(2034, 'employer 2034', 1),
(2035, 'employer 2035', 1),
(2036, 'employer 2036', 1),
(2037, 'employer 2037', 1),
(2038, 'employer 2038', 1),
(2039, 'employer 2039', 1),
(2040, 'employer 2040', 1),
(2041, 'employer 2041', 1),
(2042, 'employer 2042', 1),
(2043, 'employer 2043', 1),
(2044, 'employer 2044', 1),
(2045, 'employer 2045', 1),
(2046, 'employer 2046', 1),
(2047, 'employer 2047', 1),
(2048, 'employer 2048', 1),
(2049, 'employer 2049', 1),
(2050, 'employer 2050', 1),
(2051, 'employer 2051', 1),
(2052, 'employer 2052', 1),
(2053, 'employer 2053', 1),
(2054, 'employer 2054', 1),
(2055, 'employer 2055', 1),
(2056, 'employer 2056', 1),
(2057, 'employer 2057', 1),
(2058, 'employer 2058', 1),
(2059, 'employer 2059', 1),
(2060, 'employer 2060', 1),
(2061, 'employer 2061', 1),
(2062, 'employer 2062', 1),
(2063, 'employer 2063', 1),
(2064, 'employer 2064', 1),
(2065, 'employer 2065', 1),
(2066, 'employer 2066', 1),
(2067, 'employer 2067', 1),
(2068, 'employer 2068', 1),
(2069, 'employer 2069', 1),
(2070, 'employer 2070', 1),
(2071, 'employer 2071', 1),
(2072, 'employer 2072', 1),
(2073, 'employer 2073', 1),
(2074, 'employer 2074', 1),
(2075, 'employer 2075', 1),
(2076, 'employer 2076', 1),
(2077, 'employer 2077', 1),
(2078, 'employer 2078', 1),
(2079, 'employer 2079', 1),
(2080, 'employer 2080', 1),
(2081, 'employer 2081', 1),
(2082, 'employer 2082', 1),
(2083, 'employer 2083', 1),
(2084, 'employer 2084', 1),
(2085, 'employer 2085', 1),
(2086, 'employer 2086', 1),
(2087, 'employer 2087', 1),
(2088, 'employer 2088', 1),
(2089, 'employer 2089', 1),
(2090, 'employer 2090', 1),
(2091, 'employer 2091', 1),
(2092, 'employer 2092', 1),
(2093, 'employer 2093', 1),
(2094, 'employer 2094', 1),
(2095, 'employer 2095', 1),
(2096, 'employer 2096', 1),
(2097, 'employer 2097', 1),
(2098, 'employer 2098', 1),
(2099, 'employer 2099', 1),
(2100, 'employer 2100', 1),
(2101, 'employer 2101', 1),
(2102, 'employer 2102', 1),
(2103, 'employer 2103', 1),
(2104, 'employer 2104', 1),
(2105, 'employer 2105', 1),
(2106, 'employer 2106', 1),
(2107, 'employer 2107', 1),
(2108, 'employer 2108', 1),
(2109, 'employer 2109', 1),
(2110, 'employer 2110', 1),
(2111, 'employer 2111', 1),
(2112, 'employer 2112', 1),
(2113, 'employer 2113', 1),
(2114, 'employer 2114', 1),
(2115, 'employer 2115', 1),
(2116, 'employer 2116', 1),
(2117, 'employer 2117', 1),
(2118, 'employer 2118', 1),
(2119, 'employer 2119', 1),
(2120, 'employer 2120', 1),
(2121, 'employer 2121', 1),
(2122, 'employer 2122', 1),
(2123, 'employer 2123', 1),
(2124, 'employer 2124', 1),
(2125, 'employer 2125', 1),
(2126, 'employer 2126', 1),
(2127, 'employer 2127', 1),
(2128, 'employer 2128', 1),
(2129, 'employer 2129', 1),
(2130, 'employer 2130', 1),
(2131, 'employer 2131', 1),
(2132, 'employer 2132', 1),
(2133, 'employer 2133', 1),
(2134, 'employer 2134', 1),
(2135, 'employer 2135', 1),
(2136, 'employer 2136', 1),
(2137, 'employer 2137', 1),
(2138, 'employer 2138', 1),
(2139, 'employer 2139', 1),
(2140, 'employer 2140', 1),
(2141, 'employer 2141', 1),
(2142, 'employer 2142', 1),
(2143, 'employer 2143', 1),
(2144, 'employer 2144', 1),
(2145, 'employer 2145', 1),
(2146, 'employer 2146', 1),
(2147, 'employer 2147', 1),
(2148, 'employer 2148', 1),
(2149, 'employer 2149', 1),
(2150, 'employer 2150', 1),
(2151, 'employer 2151', 1),
(2152, 'employer 2152', 1),
(2153, 'employer 2153', 1),
(2154, 'employer 2154', 1),
(2155, 'employer 2155', 1),
(2156, 'employer 2156', 1),
(2157, 'employer 2157', 1),
(2158, 'employer 2158', 1),
(2159, 'employer 2159', 1),
(2160, 'employer 2160', 1),
(2161, 'employer 2161', 1),
(2162, 'employer 2162', 1),
(2163, 'employer 2163', 1),
(2164, 'employer 2164', 1),
(2165, 'employer 2165', 1),
(2166, 'employer 2166', 1),
(2167, 'employer 2167', 1),
(2168, 'employer 2168', 1),
(2169, 'employer 2169', 1),
(2170, 'employer 2170', 1),
(2171, 'employer 2171', 1),
(2172, 'employer 2172', 1),
(2173, 'employer 2173', 1),
(2174, 'employer 2174', 1),
(2175, 'employer 2175', 1),
(2176, 'employer 2176', 1),
(2177, 'employer 2177', 1),
(2178, 'employer 2178', 1),
(2179, 'employer 2179', 1),
(2180, 'employer 2180', 1),
(2181, 'employer 2181', 1),
(2182, 'employer 2182', 1),
(2183, 'employer 2183', 1),
(2184, 'employer 2184', 1),
(2185, 'employer 2185', 1),
(2186, 'employer 2186', 1),
(2187, 'employer 2187', 1),
(2188, 'employer 2188', 1),
(2189, 'employer 2189', 1),
(2190, 'employer 2190', 1),
(2191, 'employer 2191', 1),
(2192, 'employer 2192', 1),
(2193, 'employer 2193', 1),
(2194, 'employer 2194', 1),
(2195, 'employer 2195', 1),
(2196, 'employer 2196', 1),
(2197, 'employer 2197', 1),
(2198, 'employer 2198', 1),
(2199, 'employer 2199', 1),
(2200, 'employer 2200', 1),
(2201, 'employer 2201', 1),
(2202, 'employer 2202', 1),
(2203, 'employer 2203', 1),
(2204, 'employer 2204', 1),
(2205, 'employer 2205', 1),
(2206, 'employer 2206', 1),
(2207, 'employer 2207', 1),
(2208, 'employer 2208', 1),
(2209, 'employer 2209', 1),
(2210, 'employer 2210', 1),
(2211, 'employer 2211', 1),
(2212, 'employer 2212', 1),
(2213, 'employer 2213', 1),
(2214, 'employer 2214', 1),
(2215, 'employer 2215', 1),
(2216, 'employer 2216', 1),
(2217, 'employer 2217', 1),
(2218, 'employer 2218', 1),
(2219, 'employer 2219', 1),
(2220, 'employer 2220', 1),
(2221, 'employer 2221', 1),
(2222, 'employer 2222', 1),
(2223, 'employer 2223', 1),
(2224, 'employer 2224', 1),
(2225, 'employer 2225', 1),
(2226, 'employer 2226', 1),
(2227, 'employer 2227', 1),
(2228, 'employer 2228', 1),
(2229, 'employer 2229', 1),
(2230, 'employer 2230', 1),
(2231, 'employer 2231', 1),
(2232, 'employer 2232', 1),
(2233, 'employer 2233', 1),
(2234, 'employer 2234', 1),
(2235, 'employer 2235', 1),
(2236, 'employer 2236', 1),
(2237, 'employer 2237', 1),
(2238, 'employer 2238', 1),
(2239, 'employer 2239', 1),
(2240, 'employer 2240', 1),
(2241, 'employer 2241', 1),
(2242, 'employer 2242', 1),
(2243, 'employer 2243', 1),
(2244, 'employer 2244', 1),
(2245, 'employer 2245', 1),
(2246, 'employer 2246', 1),
(2247, 'employer 2247', 1),
(2248, 'employer 2248', 1),
(2249, 'employer 2249', 1),
(2250, 'employer 2250', 1),
(2251, 'employer 2251', 1),
(2252, 'employer 2252', 1),
(2253, 'employer 2253', 1),
(2254, 'employer 2254', 1),
(2255, 'employer 2255', 1),
(2256, 'employer 2256', 1),
(2257, 'employer 2257', 1),
(2258, 'employer 2258', 1),
(2259, 'employer 2259', 1),
(2260, 'employer 2260', 1),
(2261, 'employer 2261', 1),
(2262, 'employer 2262', 1),
(2263, 'employer 2263', 1),
(2264, 'employer 2264', 1),
(2265, 'employer 2265', 1),
(2266, 'employer 2266', 1),
(2267, 'employer 2267', 1),
(2268, 'employer 2268', 1),
(2269, 'employer 2269', 1),
(2270, 'employer 2270', 1),
(2271, 'employer 2271', 1),
(2272, 'employer 2272', 1),
(2273, 'employer 2273', 1),
(2274, 'employer 2274', 1),
(2275, 'employer 2275', 1),
(2276, 'employer 2276', 1),
(2277, 'employer 2277', 1),
(2278, 'employer 2278', 1),
(2279, 'employer 2279', 1),
(2280, 'employer 2280', 1),
(2281, 'employer 2281', 1),
(2282, 'employer 2282', 1),
(2283, 'employer 2283', 1),
(2284, 'employer 2284', 1),
(2285, 'employer 2285', 1),
(2286, 'employer 2286', 1),
(2287, 'employer 2287', 1),
(2288, 'employer 2288', 1),
(2289, 'employer 2289', 1),
(2290, 'employer 2290', 1),
(2291, 'employer 2291', 1),
(2292, 'employer 2292', 1),
(2293, 'employer 2293', 1),
(2294, 'employer 2294', 1),
(2295, 'employer 2295', 1),
(2296, 'employer 2296', 1),
(2297, 'employer 2297', 1),
(2298, 'employer 2298', 1),
(2299, 'employer 2299', 1),
(2300, 'employer 2300', 1),
(2301, 'employer 2301', 1),
(2302, 'employer 2302', 1),
(2303, 'employer 2303', 1),
(2304, 'employer 2304', 1),
(2305, 'employer 2305', 1),
(2306, 'employer 2306', 1),
(2307, 'employer 2307', 1),
(2308, 'employer 2308', 1),
(2309, 'employer 2309', 1),
(2310, 'employer 2310', 1),
(2311, 'employer 2311', 1),
(2312, 'employer 2312', 1),
(2313, 'employer 2313', 1),
(2314, 'employer 2314', 1),
(2315, 'employer 2315', 1),
(2316, 'employer 2316', 1),
(2317, 'employer 2317', 1),
(2318, 'employer 2318', 1),
(2319, 'employer 2319', 1),
(2320, 'employer 2320', 1),
(2321, 'employer 2321', 1),
(2322, 'employer 2322', 1),
(2323, 'employer 2323', 1),
(2324, 'employer 2324', 1),
(2325, 'employer 2325', 1),
(2326, 'employer 2326', 1),
(2327, 'employer 2327', 1),
(2328, 'employer 2328', 1),
(2329, 'employer 2329', 1),
(2330, 'employer 2330', 1),
(2331, 'employer 2331', 1),
(2332, 'employer 2332', 1),
(2333, 'employer 2333', 1),
(2334, 'employer 2334', 1),
(2335, 'employer 2335', 1),
(2336, 'employer 2336', 1),
(2337, 'employer 2337', 1),
(2338, 'employer 2338', 1),
(2339, 'employer 2339', 1),
(2340, 'employer 2340', 1),
(2341, 'employer 2341', 1),
(2342, 'employer 2342', 1),
(2343, 'employer 2343', 1),
(2344, 'employer 2344', 1),
(2345, 'employer 2345', 1),
(2346, 'employer 2346', 1),
(2347, 'employer 2347', 1),
(2348, 'employer 2348', 1),
(2349, 'employer 2349', 1),
(2350, 'employer 2350', 1),
(2351, 'employer 2351', 1),
(2352, 'employer 2352', 1),
(2353, 'employer 2353', 1),
(2354, 'employer 2354', 1),
(2355, 'employer 2355', 1),
(2356, 'employer 2356', 1),
(2357, 'employer 2357', 1),
(2358, 'employer 2358', 1),
(2359, 'employer 2359', 1),
(2360, 'employer 2360', 1),
(2361, 'employer 2361', 1),
(2362, 'employer 2362', 1),
(2363, 'employer 2363', 1),
(2364, 'employer 2364', 1),
(2365, 'employer 2365', 1),
(2366, 'employer 2366', 1),
(2367, 'employer 2367', 1),
(2368, 'employer 2368', 1),
(2369, 'employer 2369', 1),
(2370, 'employer 2370', 1),
(2371, 'employer 2371', 1),
(2372, 'employer 2372', 1),
(2373, 'employer 2373', 1),
(2374, 'employer 2374', 1),
(2375, 'employer 2375', 1),
(2376, 'employer 2376', 1),
(2377, 'employer 2377', 1),
(2378, 'employer 2378', 1),
(2379, 'employer 2379', 1),
(2380, 'employer 2380', 1),
(2381, 'employer 2381', 1),
(2382, 'employer 2382', 1),
(2383, 'employer 2383', 1),
(2384, 'employer 2384', 1),
(2385, 'employer 2385', 1),
(2386, 'employer 2386', 1),
(2387, 'employer 2387', 1),
(2388, 'employer 2388', 1),
(2389, 'employer 2389', 1),
(2390, 'employer 2390', 1),
(2391, 'employer 2391', 1),
(2392, 'employer 2392', 1),
(2393, 'employer 2393', 1),
(2394, 'employer 2394', 1),
(2395, 'employer 2395', 1),
(2396, 'employer 2396', 1),
(2397, 'employer 2397', 1),
(2398, 'employer 2398', 1),
(2399, 'employer 2399', 1),
(2400, 'employer 2400', 1),
(2401, 'employer 2401', 1),
(2402, 'employer 2402', 1),
(2403, 'employer 2403', 1),
(2404, 'employer 2404', 1),
(2405, 'employer 2405', 1),
(2406, 'employer 2406', 1),
(2407, 'employer 2407', 1),
(2408, 'employer 2408', 1),
(2409, 'employer 2409', 1),
(2410, 'employer 2410', 1),
(2411, 'employer 2411', 1),
(2412, 'employer 2412', 1),
(2413, 'employer 2413', 1),
(2414, 'employer 2414', 1),
(2415, 'employer 2415', 1),
(2416, 'employer 2416', 1),
(2417, 'employer 2417', 1),
(2418, 'employer 2418', 1),
(2419, 'employer 2419', 1),
(2420, 'employer 2420', 1),
(2421, 'employer 2421', 1),
(2422, 'employer 2422', 1),
(2423, 'employer 2423', 1),
(2424, 'employer 2424', 1),
(2425, 'employer 2425', 1),
(2426, 'employer 2426', 1),
(2427, 'employer 2427', 1),
(2428, 'employer 2428', 1),
(2429, 'employer 2429', 1),
(2430, 'employer 2430', 1),
(2431, 'employer 2431', 1),
(2432, 'employer 2432', 1),
(2433, 'employer 2433', 1),
(2434, 'employer 2434', 1),
(2435, 'employer 2435', 1),
(2436, 'employer 2436', 1),
(2437, 'employer 2437', 1),
(2438, 'employer 2438', 1),
(2439, 'employer 2439', 1),
(2440, 'employer 2440', 1),
(2441, 'employer 2441', 1),
(2442, 'employer 2442', 1),
(2443, 'employer 2443', 1),
(2444, 'employer 2444', 1),
(2445, 'employer 2445', 1),
(2446, 'employer 2446', 1),
(2447, 'employer 2447', 1),
(2448, 'employer 2448', 1),
(2449, 'employer 2449', 1),
(2450, 'employer 2450', 1),
(2451, 'employer 2451', 1),
(2452, 'employer 2452', 1),
(2453, 'employer 2453', 1),
(2454, 'employer 2454', 1),
(2455, 'employer 2455', 1),
(2456, 'employer 2456', 1),
(2457, 'employer 2457', 1),
(2458, 'employer 2458', 1),
(2459, 'employer 2459', 1),
(2460, 'employer 2460', 1),
(2461, 'employer 2461', 1),
(2462, 'employer 2462', 1),
(2463, 'employer 2463', 1),
(2464, 'employer 2464', 1),
(2465, 'employer 2465', 1),
(2466, 'employer 2466', 1),
(2467, 'employer 2467', 1),
(2468, 'employer 2468', 1),
(2469, 'employer 2469', 1),
(2470, 'employer 2470', 1),
(2471, 'employer 2471', 1),
(2472, 'employer 2472', 1),
(2473, 'employer 2473', 1),
(2474, 'employer 2474', 1),
(2475, 'employer 2475', 1),
(2476, 'employer 2476', 1),
(2477, 'employer 2477', 1),
(2478, 'employer 2478', 1),
(2479, 'employer 2479', 1),
(2480, 'employer 2480', 1),
(2481, 'employer 2481', 1),
(2482, 'employer 2482', 1),
(2483, 'employer 2483', 1),
(2484, 'employer 2484', 1),
(2485, 'employer 2485', 1),
(2486, 'employer 2486', 1),
(2487, 'employer 2487', 1),
(2488, 'employer 2488', 1),
(2489, 'employer 2489', 1),
(2490, 'employer 2490', 1),
(2491, 'employer 2491', 1),
(2492, 'employer 2492', 1),
(2493, 'employer 2493', 1),
(2494, 'employer 2494', 1),
(2495, 'employer 2495', 1),
(2496, 'employer 2496', 1),
(2497, 'employer 2497', 1),
(2498, 'employer 2498', 1),
(2499, 'employer 2499', 1),
(2500, 'employer 2500', 1),
(2501, 'employer 2501', 1),
(2502, 'employer 2502', 1),
(2503, 'employer 2503', 1),
(2504, 'employer 2504', 1),
(2505, 'employer 2505', 1),
(2506, 'employer 2506', 1),
(2507, 'employer 2507', 1),
(2508, 'employer 2508', 1),
(2509, 'employer 2509', 1),
(2510, 'employer 2510', 1),
(2511, 'employer 2511', 1),
(2512, 'employer 2512', 1),
(2513, 'employer 2513', 1),
(2514, 'employer 2514', 1),
(2515, 'employer 2515', 1),
(2516, 'employer 2516', 1),
(2517, 'employer 2517', 1),
(2518, 'employer 2518', 1),
(2519, 'employer 2519', 1),
(2520, 'employer 2520', 1),
(2521, 'employer 2521', 1),
(2522, 'employer 2522', 1),
(2523, 'employer 2523', 1),
(2524, 'employer 2524', 1),
(2525, 'employer 2525', 1),
(2526, 'employer 2526', 1),
(2527, 'employer 2527', 1),
(2528, 'employer 2528', 1),
(2529, 'employer 2529', 1),
(2530, 'employer 2530', 1),
(2531, 'employer 2531', 1),
(2532, 'employer 2532', 1),
(2533, 'employer 2533', 1),
(2534, 'employer 2534', 1),
(2535, 'employer 2535', 1),
(2536, 'employer 2536', 1),
(2537, 'employer 2537', 1),
(2538, 'employer 2538', 1),
(2539, 'employer 2539', 1),
(2540, 'employer 2540', 1),
(2541, 'employer 2541', 1),
(2542, 'employer 2542', 1),
(2543, 'employer 2543', 1),
(2544, 'employer 2544', 1),
(2545, 'employer 2545', 1),
(2546, 'employer 2546', 1),
(2547, 'employer 2547', 1),
(2548, 'employer 2548', 1),
(2549, 'employer 2549', 1),
(2550, 'employer 2550', 1),
(2551, 'employer 2551', 1),
(2552, 'employer 2552', 1),
(2553, 'employer 2553', 1),
(2554, 'employer 2554', 1),
(2555, 'employer 2555', 1),
(2556, 'employer 2556', 1),
(2557, 'employer 2557', 1),
(2558, 'employer 2558', 1),
(2559, 'employer 2559', 1),
(2560, 'employer 2560', 1),
(2561, 'employer 2561', 1),
(2562, 'employer 2562', 1),
(2563, 'employer 2563', 1),
(2564, 'employer 2564', 1),
(2565, 'employer 2565', 1),
(2566, 'employer 2566', 1),
(2567, 'employer 2567', 1),
(2568, 'employer 2568', 1),
(2569, 'employer 2569', 1),
(2570, 'employer 2570', 1),
(2571, 'employer 2571', 1),
(2572, 'employer 2572', 1),
(2573, 'employer 2573', 1),
(2574, 'employer 2574', 1),
(2575, 'employer 2575', 1),
(2576, 'employer 2576', 1),
(2577, 'employer 2577', 1),
(2578, 'employer 2578', 1),
(2579, 'employer 2579', 1),
(2580, 'employer 2580', 1),
(2581, 'employer 2581', 1),
(2582, 'employer 2582', 1),
(2583, 'employer 2583', 1),
(2584, 'employer 2584', 1),
(2585, 'employer 2585', 1),
(2586, 'employer 2586', 1),
(2587, 'employer 2587', 1),
(2588, 'employer 2588', 1),
(2589, 'employer 2589', 1),
(2590, 'employer 2590', 1),
(2591, 'employer 2591', 1),
(2592, 'employer 2592', 1),
(2593, 'employer 2593', 1),
(2594, 'employer 2594', 1),
(2595, 'employer 2595', 1),
(2596, 'employer 2596', 1),
(2597, 'employer 2597', 1),
(2598, 'employer 2598', 1),
(2599, 'employer 2599', 1),
(2600, 'employer 2600', 1),
(2601, 'employer 2601', 1),
(2602, 'employer 2602', 1),
(2603, 'employer 2603', 1),
(2604, 'employer 2604', 1),
(2605, 'employer 2605', 1),
(2606, 'employer 2606', 1),
(2607, 'employer 2607', 1),
(2608, 'employer 2608', 1),
(2609, 'employer 2609', 1),
(2610, 'employer 2610', 1),
(2611, 'employer 2611', 1),
(2612, 'employer 2612', 1),
(2613, 'employer 2613', 1),
(2614, 'employer 2614', 1),
(2615, 'employer 2615', 1),
(2616, 'employer 2616', 1),
(2617, 'employer 2617', 1),
(2618, 'employer 2618', 1),
(2619, 'employer 2619', 1),
(2620, 'employer 2620', 1),
(2621, 'employer 2621', 1),
(2622, 'employer 2622', 1),
(2623, 'employer 2623', 1),
(2624, 'employer 2624', 1),
(2625, 'employer 2625', 1),
(2626, 'employer 2626', 1),
(2627, 'employer 2627', 1),
(2628, 'employer 2628', 1),
(2629, 'employer 2629', 1),
(2630, 'employer 2630', 1),
(2631, 'employer 2631', 1),
(2632, 'employer 2632', 1),
(2633, 'employer 2633', 1),
(2634, 'employer 2634', 1),
(2635, 'employer 2635', 1),
(2636, 'employer 2636', 1),
(2637, 'employer 2637', 1),
(2638, 'employer 2638', 1),
(2639, 'employer 2639', 1),
(2640, 'employer 2640', 1),
(2641, 'employer 2641', 1),
(2642, 'employer 2642', 1),
(2643, 'employer 2643', 1),
(2644, 'employer 2644', 1),
(2645, 'employer 2645', 1),
(2646, 'employer 2646', 1),
(2647, 'employer 2647', 1),
(2648, 'employer 2648', 1),
(2649, 'employer 2649', 1),
(2650, 'employer 2650', 1),
(2651, 'employer 2651', 1),
(2652, 'employer 2652', 1),
(2653, 'employer 2653', 1),
(2654, 'employer 2654', 1),
(2655, 'employer 2655', 1),
(2656, 'employer 2656', 1),
(2657, 'employer 2657', 1),
(2658, 'employer 2658', 1),
(2659, 'employer 2659', 1),
(2660, 'employer 2660', 1),
(2661, 'employer 2661', 1),
(2662, 'employer 2662', 1),
(2663, 'employer 2663', 1),
(2664, 'employer 2664', 1),
(2665, 'employer 2665', 1),
(2666, 'employer 2666', 1),
(2667, 'employer 2667', 1),
(2668, 'employer 2668', 1),
(2669, 'employer 2669', 1),
(2670, 'employer 2670', 1),
(2671, 'employer 2671', 1),
(2672, 'employer 2672', 1),
(2673, 'employer 2673', 1),
(2674, 'employer 2674', 1),
(2675, 'employer 2675', 1),
(2676, 'employer 2676', 1),
(2677, 'employer 2677', 1),
(2678, 'employer 2678', 1),
(2679, 'employer 2679', 1),
(2680, 'employer 2680', 1),
(2681, 'employer 2681', 1),
(2682, 'employer 2682', 1),
(2683, 'employer 2683', 1),
(2684, 'employer 2684', 1),
(2685, 'employer 2685', 1),
(2686, 'employer 2686', 1),
(2687, 'employer 2687', 1),
(2688, 'employer 2688', 1),
(2689, 'employer 2689', 1),
(2690, 'employer 2690', 1),
(2691, 'employer 2691', 1),
(2692, 'employer 2692', 1),
(2693, 'employer 2693', 1),
(2694, 'employer 2694', 1),
(2695, 'employer 2695', 1),
(2696, 'employer 2696', 1),
(2697, 'employer 2697', 1),
(2698, 'employer 2698', 1),
(2699, 'employer 2699', 1),
(2700, 'employer 2700', 1),
(2701, 'employer 2701', 1),
(2702, 'employer 2702', 1),
(2703, 'employer 2703', 1),
(2704, 'employer 2704', 1),
(2705, 'employer 2705', 1),
(2706, 'employer 2706', 1),
(2707, 'employer 2707', 1),
(2708, 'employer 2708', 1),
(2709, 'employer 2709', 1),
(2710, 'employer 2710', 1),
(2711, 'employer 2711', 1),
(2712, 'employer 2712', 1),
(2713, 'employer 2713', 1),
(2714, 'employer 2714', 1),
(2715, 'employer 2715', 1),
(2716, 'employer 2716', 1),
(2717, 'employer 2717', 1),
(2718, 'employer 2718', 1),
(2719, 'employer 2719', 1),
(2720, 'employer 2720', 1),
(2721, 'employer 2721', 1),
(2722, 'employer 2722', 1),
(2723, 'employer 2723', 1),
(2724, 'employer 2724', 1),
(2725, 'employer 2725', 1),
(2726, 'employer 2726', 1),
(2727, 'employer 2727', 1),
(2728, 'employer 2728', 1),
(2729, 'employer 2729', 1),
(2730, 'employer 2730', 1),
(2731, 'employer 2731', 1),
(2732, 'employer 2732', 1),
(2733, 'employer 2733', 1),
(2734, 'employer 2734', 1),
(2735, 'employer 2735', 1),
(2736, 'employer 2736', 1),
(2737, 'employer 2737', 1),
(2738, 'employer 2738', 1),
(2739, 'employer 2739', 1),
(2740, 'employer 2740', 1),
(2741, 'employer 2741', 1),
(2742, 'employer 2742', 1),
(2743, 'employer 2743', 1),
(2744, 'employer 2744', 1),
(2745, 'employer 2745', 1),
(2746, 'employer 2746', 1),
(2747, 'employer 2747', 1),
(2748, 'employer 2748', 1),
(2749, 'employer 2749', 1),
(2750, 'employer 2750', 1),
(2751, 'employer 2751', 1),
(2752, 'employer 2752', 1),
(2753, 'employer 2753', 1),
(2754, 'employer 2754', 1),
(2755, 'employer 2755', 1),
(2756, 'employer 2756', 1),
(2757, 'employer 2757', 1),
(2758, 'employer 2758', 1),
(2759, 'employer 2759', 1),
(2760, 'employer 2760', 1),
(2761, 'employer 2761', 1),
(2762, 'employer 2762', 1),
(2763, 'employer 2763', 1),
(2764, 'employer 2764', 1),
(2765, 'employer 2765', 1),
(2766, 'employer 2766', 1),
(2767, 'employer 2767', 1),
(2768, 'employer 2768', 1),
(2769, 'employer 2769', 1),
(2770, 'employer 2770', 1),
(2771, 'employer 2771', 1),
(2772, 'employer 2772', 1),
(2773, 'employer 2773', 1),
(2774, 'employer 2774', 1),
(2775, 'employer 2775', 1),
(2776, 'employer 2776', 1),
(2777, 'employer 2777', 1),
(2778, 'employer 2778', 1),
(2779, 'employer 2779', 1),
(2780, 'employer 2780', 1),
(2781, 'employer 2781', 1),
(2782, 'employer 2782', 1),
(2783, 'employer 2783', 1),
(2784, 'employer 2784', 1),
(2785, 'employer 2785', 1),
(2786, 'employer 2786', 1),
(2787, 'employer 2787', 1),
(2788, 'employer 2788', 1),
(2789, 'employer 2789', 1),
(2790, 'employer 2790', 1),
(2791, 'employer 2791', 1),
(2792, 'employer 2792', 1),
(2793, 'employer 2793', 1),
(2794, 'employer 2794', 1),
(2795, 'employer 2795', 1),
(2796, 'employer 2796', 1),
(2797, 'employer 2797', 1),
(2798, 'employer 2798', 1),
(2799, 'employer 2799', 1),
(2800, 'employer 2800', 1),
(2801, 'employer 2801', 1),
(2802, 'employer 2802', 1),
(2803, 'employer 2803', 1),
(2804, 'employer 2804', 1),
(2805, 'employer 2805', 1),
(2806, 'employer 2806', 1),
(2807, 'employer 2807', 1),
(2808, 'employer 2808', 1),
(2809, 'employer 2809', 1),
(2810, 'employer 2810', 1),
(2811, 'employer 2811', 1),
(2812, 'employer 2812', 1),
(2813, 'employer 2813', 1),
(2814, 'employer 2814', 1),
(2815, 'employer 2815', 1),
(2816, 'employer 2816', 1),
(2817, 'employer 2817', 1),
(2818, 'employer 2818', 1),
(2819, 'employer 2819', 1),
(2820, 'employer 2820', 1),
(2821, 'employer 2821', 1),
(2822, 'employer 2822', 1),
(2823, 'employer 2823', 1),
(2824, 'employer 2824', 1),
(2825, 'employer 2825', 1),
(2826, 'employer 2826', 1),
(2827, 'employer 2827', 1),
(2828, 'employer 2828', 1),
(2829, 'employer 2829', 1),
(2830, 'employer 2830', 1),
(2831, 'employer 2831', 1),
(2832, 'employer 2832', 1),
(2833, 'employer 2833', 1),
(2834, 'employer 2834', 1),
(2835, 'employer 2835', 1),
(2836, 'employer 2836', 1),
(2837, 'employer 2837', 1),
(2838, 'employer 2838', 1),
(2839, 'employer 2839', 1),
(2840, 'employer 2840', 1),
(2841, 'employer 2841', 1),
(2842, 'employer 2842', 1),
(2843, 'employer 2843', 1),
(2844, 'employer 2844', 1),
(2845, 'employer 2845', 1),
(2846, 'employer 2846', 1),
(2847, 'employer 2847', 1),
(2848, 'employer 2848', 1),
(2849, 'employer 2849', 1),
(2850, 'employer 2850', 1),
(2851, 'employer 2851', 1),
(2852, 'employer 2852', 1),
(2853, 'employer 2853', 1),
(2854, 'employer 2854', 1),
(2855, 'employer 2855', 1),
(2856, 'employer 2856', 1),
(2857, 'employer 2857', 1),
(2858, 'employer 2858', 1),
(2859, 'employer 2859', 1),
(2860, 'employer 2860', 1),
(2861, 'employer 2861', 1),
(2862, 'employer 2862', 1),
(2863, 'employer 2863', 1),
(2864, 'employer 2864', 1),
(2865, 'employer 2865', 1),
(2866, 'employer 2866', 1),
(2867, 'employer 2867', 1),
(2868, 'employer 2868', 1),
(2869, 'employer 2869', 1),
(2870, 'employer 2870', 1),
(2871, 'employer 2871', 1),
(2872, 'employer 2872', 1),
(2873, 'employer 2873', 1),
(2874, 'employer 2874', 1),
(2875, 'employer 2875', 1),
(2876, 'employer 2876', 1),
(2877, 'employer 2877', 1),
(2878, 'employer 2878', 1),
(2879, 'employer 2879', 1),
(2880, 'employer 2880', 1),
(2881, 'employer 2881', 1),
(2882, 'employer 2882', 1),
(2883, 'employer 2883', 1),
(2884, 'employer 2884', 1),
(2885, 'employer 2885', 1),
(2886, 'employer 2886', 1),
(2887, 'employer 2887', 1),
(2888, 'employer 2888', 1),
(2889, 'employer 2889', 1),
(2890, 'employer 2890', 1),
(2891, 'employer 2891', 1),
(2892, 'employer 2892', 1),
(2893, 'employer 2893', 1),
(2894, 'employer 2894', 1),
(2895, 'employer 2895', 1),
(2896, 'employer 2896', 1),
(2897, 'employer 2897', 1),
(2898, 'employer 2898', 1),
(2899, 'employer 2899', 1),
(2900, 'employer 2900', 1),
(2901, 'employer 2901', 1),
(2902, 'employer 2902', 1),
(2903, 'employer 2903', 1),
(2904, 'employer 2904', 1),
(2905, 'employer 2905', 1),
(2906, 'employer 2906', 1),
(2907, 'employer 2907', 1),
(2908, 'employer 2908', 1),
(2909, 'employer 2909', 1),
(2910, 'employer 2910', 1),
(2911, 'employer 2911', 1),
(2912, 'employer 2912', 1),
(2913, 'employer 2913', 1),
(2914, 'employer 2914', 1),
(2915, 'employer 2915', 1),
(2916, 'employer 2916', 1),
(2917, 'employer 2917', 1),
(2918, 'employer 2918', 1),
(2919, 'employer 2919', 1),
(2920, 'employer 2920', 1),
(2921, 'employer 2921', 1),
(2922, 'employer 2922', 1),
(2923, 'employer 2923', 1),
(2924, 'employer 2924', 1),
(2925, 'employer 2925', 1),
(2926, 'employer 2926', 1),
(2927, 'employer 2927', 1),
(2928, 'employer 2928', 1),
(2929, 'employer 2929', 1),
(2930, 'employer 2930', 1),
(2931, 'employer 2931', 1),
(2932, 'employer 2932', 1),
(2933, 'employer 2933', 1),
(2934, 'employer 2934', 1),
(2935, 'employer 2935', 1),
(2936, 'employer 2936', 1),
(2937, 'employer 2937', 1),
(2938, 'employer 2938', 1),
(2939, 'employer 2939', 1),
(2940, 'employer 2940', 1),
(2941, 'employer 2941', 1),
(2942, 'employer 2942', 1),
(2943, 'employer 2943', 1),
(2944, 'employer 2944', 1),
(2945, 'employer 2945', 1),
(2946, 'employer 2946', 1),
(2947, 'employer 2947', 1),
(2948, 'employer 2948', 1),
(2949, 'employer 2949', 1),
(2950, 'employer 2950', 1),
(2951, 'employer 2951', 1),
(2952, 'employer 2952', 1),
(2953, 'employer 2953', 1),
(2954, 'employer 2954', 1),
(2955, 'employer 2955', 1),
(2956, 'employer 2956', 1),
(2957, 'employer 2957', 1),
(2958, 'employer 2958', 1),
(2959, 'employer 2959', 1),
(2960, 'employer 2960', 1),
(2961, 'employer 2961', 1),
(2962, 'employer 2962', 1),
(2963, 'employer 2963', 1),
(2964, 'employer 2964', 1),
(2965, 'employer 2965', 1),
(2966, 'employer 2966', 1),
(2967, 'employer 2967', 1),
(2968, 'employer 2968', 1),
(2969, 'employer 2969', 1),
(2970, 'employer 2970', 1),
(2971, 'employer 2971', 1),
(2972, 'employer 2972', 1),
(2973, 'employer 2973', 1),
(2974, 'employer 2974', 1),
(2975, 'employer 2975', 1),
(2976, 'employer 2976', 1),
(2977, 'employer 2977', 1),
(2978, 'employer 2978', 1),
(2979, 'employer 2979', 1),
(2980, 'employer 2980', 1),
(2981, 'employer 2981', 1),
(2982, 'employer 2982', 1),
(2983, 'employer 2983', 1),
(2984, 'employer 2984', 1),
(2985, 'employer 2985', 1),
(2986, 'employer 2986', 1),
(2987, 'employer 2987', 1),
(2988, 'employer 2988', 1),
(2989, 'employer 2989', 1),
(2990, 'employer 2990', 1),
(2991, 'employer 2991', 1),
(2992, 'employer 2992', 1),
(2993, 'employer 2993', 1),
(2994, 'employer 2994', 1),
(2995, 'employer 2995', 1),
(2996, 'employer 2996', 1),
(2997, 'employer 2997', 1),
(2998, 'employer 2998', 1),
(2999, 'employer 2999', 1),
(3000, 'employer 3000', 1),
(3001, 'employer 3001', 1),
(3002, 'employer 3002', 1),
(3003, 'employer 3003', 1),
(3004, 'employer 3004', 1),
(3005, 'employer 3005', 1),
(3006, 'employer 3006', 1),
(3007, 'employer 3007', 1),
(3008, 'employer 3008', 1),
(3009, 'employer 3009', 1),
(3010, 'employer 3010', 1),
(3011, 'employer 3011', 1),
(3012, 'employer 3012', 1),
(3013, 'employer 3013', 1),
(3014, 'employer 3014', 1),
(3015, 'employer 3015', 1),
(3016, 'employer 3016', 1),
(3017, 'employer 3017', 1),
(3018, 'employer 3018', 1),
(3019, 'employer 3019', 1),
(3020, 'employer 3020', 1),
(3021, 'employer 3021', 1),
(3022, 'employer 3022', 1),
(3023, 'employer 3023', 1),
(3024, 'employer 3024', 1),
(3025, 'employer 3025', 1),
(3026, 'employer 3026', 1),
(3027, 'employer 3027', 1),
(3028, 'employer 3028', 1),
(3029, 'employer 3029', 1),
(3030, 'employer 3030', 1),
(3031, 'employer 3031', 1),
(3032, 'employer 3032', 1),
(3033, 'employer 3033', 1),
(3034, 'employer 3034', 1),
(3035, 'employer 3035', 1),
(3036, 'employer 3036', 1),
(3037, 'employer 3037', 1),
(3038, 'employer 3038', 1),
(3039, 'employer 3039', 1),
(3040, 'employer 3040', 1),
(3041, 'employer 3041', 1),
(3042, 'employer 3042', 1),
(3043, 'employer 3043', 1),
(3044, 'employer 3044', 1),
(3045, 'employer 3045', 1),
(3046, 'employer 3046', 1),
(3047, 'employer 3047', 1),
(3048, 'employer 3048', 1),
(3049, 'employer 3049', 1),
(3050, 'employer 3050', 1),
(3051, 'employer 3051', 1),
(3052, 'employer 3052', 1),
(3053, 'employer 3053', 1),
(3054, 'employer 3054', 1),
(3055, 'employer 3055', 1),
(3056, 'employer 3056', 1),
(3057, 'employer 3057', 1),
(3058, 'employer 3058', 1),
(3059, 'employer 3059', 1),
(3060, 'employer 3060', 1),
(3061, 'employer 3061', 1),
(3062, 'employer 3062', 1),
(3063, 'employer 3063', 1),
(3064, 'employer 3064', 1),
(3065, 'employer 3065', 1),
(3066, 'employer 3066', 1),
(3067, 'employer 3067', 1),
(3068, 'employer 3068', 1),
(3069, 'employer 3069', 1),
(3070, 'employer 3070', 1),
(3071, 'employer 3071', 1),
(3072, 'employer 3072', 1),
(3073, 'employer 3073', 1),
(3074, 'employer 3074', 1),
(3075, 'employer 3075', 1),
(3076, 'employer 3076', 1),
(3077, 'employer 3077', 1),
(3078, 'employer 3078', 1),
(3079, 'employer 3079', 1),
(3080, 'employer 3080', 1),
(3081, 'employer 3081', 1),
(3082, 'employer 3082', 1),
(3083, 'employer 3083', 1),
(3084, 'employer 3084', 1),
(3085, 'employer 3085', 1),
(3086, 'employer 3086', 1),
(3087, 'employer 3087', 1),
(3088, 'employer 3088', 1),
(3089, 'employer 3089', 1),
(3090, 'employer 3090', 1),
(3091, 'employer 3091', 1),
(3092, 'employer 3092', 1),
(3093, 'employer 3093', 1),
(3094, 'employer 3094', 1),
(3095, 'employer 3095', 1),
(3096, 'employer 3096', 1),
(3097, 'employer 3097', 1),
(3098, 'employer 3098', 1),
(3099, 'employer 3099', 1),
(3100, 'employer 3100', 1),
(3101, 'employer 3101', 1),
(3102, 'employer 3102', 1),
(3103, 'employer 3103', 1),
(3104, 'employer 3104', 1),
(3105, 'employer 3105', 1),
(3106, 'employer 3106', 1),
(3107, 'employer 3107', 1),
(3108, 'employer 3108', 1),
(3109, 'employer 3109', 1),
(3110, 'employer 3110', 1),
(3111, 'employer 3111', 1),
(3112, 'employer 3112', 1),
(3113, 'employer 3113', 1),
(3114, 'employer 3114', 1),
(3115, 'employer 3115', 1),
(3116, 'employer 3116', 1),
(3117, 'employer 3117', 1),
(3118, 'employer 3118', 1),
(3119, 'employer 3119', 1),
(3120, 'employer 3120', 1),
(3121, 'employer 3121', 1),
(3122, 'employer 3122', 1),
(3123, 'employer 3123', 1),
(3124, 'employer 3124', 1),
(3125, 'employer 3125', 1),
(3126, 'employer 3126', 1),
(3127, 'employer 3127', 1),
(3128, 'employer 3128', 1),
(3129, 'employer 3129', 1),
(3130, 'employer 3130', 1),
(3131, 'employer 3131', 1),
(3132, 'employer 3132', 1),
(3133, 'employer 3133', 1),
(3134, 'employer 3134', 1),
(3135, 'employer 3135', 1),
(3136, 'employer 3136', 1),
(3137, 'employer 3137', 1),
(3138, 'employer 3138', 1),
(3139, 'employer 3139', 1),
(3140, 'employer 3140', 1),
(3141, 'employer 3141', 1),
(3142, 'employer 3142', 1),
(3143, 'employer 3143', 1),
(3144, 'employer 3144', 1),
(3145, 'employer 3145', 1),
(3146, 'employer 3146', 1),
(3147, 'employer 3147', 1),
(3148, 'employer 3148', 1),
(3149, 'employer 3149', 1),
(3150, 'employer 3150', 1),
(3151, 'employer 3151', 1),
(3152, 'employer 3152', 1),
(3153, 'employer 3153', 1),
(3154, 'employer 3154', 1),
(3155, 'employer 3155', 1),
(3156, 'employer 3156', 1),
(3157, 'employer 3157', 1),
(3158, 'employer 3158', 1),
(3159, 'employer 3159', 1),
(3160, 'employer 3160', 1),
(3161, 'employer 3161', 1),
(3162, 'employer 3162', 1),
(3163, 'employer 3163', 1),
(3164, 'employer 3164', 1),
(3165, 'employer 3165', 1),
(3166, 'employer 3166', 1),
(3167, 'employer 3167', 1),
(3168, 'employer 3168', 1),
(3169, 'employer 3169', 1),
(3170, 'employer 3170', 1),
(3171, 'employer 3171', 1),
(3172, 'employer 3172', 1),
(3173, 'employer 3173', 1),
(3174, 'employer 3174', 1),
(3175, 'employer 3175', 1),
(3176, 'employer 3176', 1),
(3177, 'employer 3177', 1),
(3178, 'employer 3178', 1),
(3179, 'employer 3179', 1),
(3180, 'employer 3180', 1),
(3181, 'employer 3181', 1),
(3182, 'employer 3182', 1),
(3183, 'employer 3183', 1),
(3184, 'employer 3184', 1),
(3185, 'employer 3185', 1),
(3186, 'employer 3186', 1),
(3187, 'employer 3187', 1),
(3188, 'employer 3188', 1),
(3189, 'employer 3189', 1),
(3190, 'employer 3190', 1),
(3191, 'employer 3191', 1),
(3192, 'employer 3192', 1),
(3193, 'employer 3193', 1),
(3194, 'employer 3194', 1),
(3195, 'employer 3195', 1),
(3196, 'employer 3196', 1),
(3197, 'employer 3197', 1),
(3198, 'employer 3198', 1),
(3199, 'employer 3199', 1),
(3200, 'employer 3200', 1),
(3201, 'employer 3201', 1),
(3202, 'employer 3202', 1),
(3203, 'employer 3203', 1),
(3204, 'employer 3204', 1),
(3205, 'employer 3205', 1),
(3206, 'employer 3206', 1),
(3207, 'employer 3207', 1),
(3208, 'employer 3208', 1),
(3209, 'employer 3209', 1),
(3210, 'employer 3210', 1),
(3211, 'employer 3211', 1),
(3212, 'employer 3212', 1),
(3213, 'employer 3213', 1),
(3214, 'employer 3214', 1),
(3215, 'employer 3215', 1),
(3216, 'employer 3216', 1),
(3217, 'employer 3217', 1),
(3218, 'employer 3218', 1),
(3219, 'employer 3219', 1),
(3220, 'employer 3220', 1),
(3221, 'employer 3221', 1),
(3222, 'employer 3222', 1),
(3223, 'employer 3223', 1),
(3224, 'employer 3224', 1),
(3225, 'employer 3225', 1),
(3226, 'employer 3226', 1),
(3227, 'employer 3227', 1),
(3228, 'employer 3228', 1),
(3229, 'employer 3229', 1),
(3230, 'employer 3230', 1),
(3231, 'employer 3231', 1),
(3232, 'employer 3232', 1),
(3233, 'employer 3233', 1),
(3234, 'employer 3234', 1),
(3235, 'employer 3235', 1),
(3236, 'employer 3236', 1),
(3237, 'employer 3237', 1),
(3238, 'employer 3238', 1),
(3239, 'employer 3239', 1),
(3240, 'employer 3240', 1),
(3241, 'employer 3241', 1),
(3242, 'employer 3242', 1),
(3243, 'employer 3243', 1),
(3244, 'employer 3244', 1),
(3245, 'employer 3245', 1),
(3246, 'employer 3246', 1),
(3247, 'employer 3247', 1),
(3248, 'employer 3248', 1),
(3249, 'employer 3249', 1),
(3250, 'employer 3250', 1),
(3251, 'employer 3251', 1),
(3252, 'employer 3252', 1),
(3253, 'employer 3253', 1),
(3254, 'employer 3254', 1),
(3255, 'employer 3255', 1),
(3256, 'employer 3256', 1),
(3257, 'employer 3257', 1),
(3258, 'employer 3258', 1),
(3259, 'employer 3259', 1),
(3260, 'employer 3260', 1),
(3261, 'employer 3261', 1),
(3262, 'employer 3262', 1),
(3263, 'employer 3263', 1),
(3264, 'employer 3264', 1),
(3265, 'employer 3265', 1),
(3266, 'employer 3266', 1),
(3267, 'employer 3267', 1),
(3268, 'employer 3268', 1),
(3269, 'employer 3269', 1),
(3270, 'employer 3270', 1),
(3271, 'employer 3271', 1),
(3272, 'employer 3272', 1),
(3273, 'employer 3273', 1),
(3274, 'employer 3274', 1),
(3275, 'employer 3275', 1),
(3276, 'employer 3276', 1),
(3277, 'employer 3277', 1),
(3278, 'employer 3278', 1),
(3279, 'employer 3279', 1),
(3280, 'employer 3280', 1),
(3281, 'employer 3281', 1),
(3282, 'employer 3282', 1),
(3283, 'employer 3283', 1),
(3284, 'employer 3284', 1),
(3285, 'employer 3285', 1),
(3286, 'employer 3286', 1),
(3287, 'employer 3287', 1),
(3288, 'employer 3288', 1),
(3289, 'employer 3289', 1),
(3290, 'employer 3290', 1),
(3291, 'employer 3291', 1),
(3292, 'employer 3292', 1),
(3293, 'employer 3293', 1),
(3294, 'employer 3294', 1),
(3295, 'employer 3295', 1),
(3296, 'employer 3296', 1),
(3297, 'employer 3297', 1),
(3298, 'employer 3298', 1),
(3299, 'employer 3299', 1),
(3300, 'employer 3300', 1),
(3301, 'employer 3301', 1),
(3302, 'employer 3302', 1),
(3303, 'employer 3303', 1),
(3304, 'employer 3304', 1),
(3305, 'employer 3305', 1),
(3306, 'employer 3306', 1),
(3307, 'employer 3307', 1),
(3308, 'employer 3308', 1),
(3309, 'employer 3309', 1),
(3310, 'employer 3310', 1),
(3311, 'employer 3311', 1),
(3312, 'employer 3312', 1),
(3313, 'employer 3313', 1),
(3314, 'employer 3314', 1),
(3315, 'employer 3315', 1),
(3316, 'employer 3316', 1),
(3317, 'employer 3317', 1),
(3318, 'employer 3318', 1),
(3319, 'employer 3319', 1),
(3320, 'employer 3320', 1),
(3321, 'employer 3321', 1),
(3322, 'employer 3322', 1),
(3323, 'employer 3323', 1),
(3324, 'employer 3324', 1),
(3325, 'employer 3325', 1),
(3326, 'employer 3326', 1),
(3327, 'employer 3327', 1),
(3328, 'employer 3328', 1),
(3329, 'employer 3329', 1),
(3330, 'employer 3330', 1),
(3331, 'employer 3331', 1),
(3332, 'employer 3332', 1),
(3333, 'employer 3333', 1),
(3334, 'employer 3334', 1),
(3335, 'employer 3335', 1),
(3336, 'employer 3336', 1),
(3337, 'employer 3337', 1),
(3338, 'employer 3338', 1),
(3339, 'employer 3339', 1),
(3340, 'employer 3340', 1),
(3341, 'employer 3341', 1),
(3342, 'employer 3342', 1),
(3343, 'employer 3343', 1),
(3344, 'employer 3344', 1),
(3345, 'employer 3345', 1),
(3346, 'employer 3346', 1),
(3347, 'employer 3347', 1),
(3348, 'employer 3348', 1),
(3349, 'employer 3349', 1),
(3350, 'employer 3350', 1),
(3351, 'employer 3351', 1),
(3352, 'employer 3352', 1),
(3353, 'employer 3353', 1),
(3354, 'employer 3354', 1),
(3355, 'employer 3355', 1),
(3356, 'employer 3356', 1),
(3357, 'employer 3357', 1),
(3358, 'employer 3358', 1),
(3359, 'employer 3359', 1),
(3360, 'employer 3360', 1),
(3361, 'employer 3361', 1),
(3362, 'employer 3362', 1),
(3363, 'employer 3363', 1),
(3364, 'employer 3364', 1),
(3365, 'employer 3365', 1),
(3366, 'employer 3366', 1),
(3367, 'employer 3367', 1),
(3368, 'employer 3368', 1),
(3369, 'employer 3369', 1),
(3370, 'employer 3370', 1),
(3371, 'employer 3371', 1),
(3372, 'employer 3372', 1),
(3373, 'employer 3373', 1),
(3374, 'employer 3374', 1),
(3375, 'employer 3375', 1),
(3376, 'employer 3376', 1),
(3377, 'employer 3377', 1),
(3378, 'employer 3378', 1),
(3379, 'employer 3379', 1),
(3380, 'employer 3380', 1),
(3381, 'employer 3381', 1),
(3382, 'employer 3382', 1),
(3383, 'employer 3383', 1),
(3384, 'employer 3384', 1),
(3385, 'employer 3385', 1),
(3386, 'employer 3386', 1),
(3387, 'employer 3387', 1),
(3388, 'employer 3388', 1),
(3389, 'employer 3389', 1),
(3390, 'employer 3390', 1),
(3391, 'employer 3391', 1),
(3392, 'employer 3392', 1),
(3393, 'employer 3393', 1),
(3394, 'employer 3394', 1),
(3395, 'employer 3395', 1),
(3396, 'employer 3396', 1),
(3397, 'employer 3397', 1),
(3398, 'employer 3398', 1),
(3399, 'employer 3399', 1),
(3400, 'employer 3400', 1),
(3401, 'employer 3401', 1),
(3402, 'employer 3402', 1),
(3403, 'employer 3403', 1),
(3404, 'employer 3404', 1),
(3405, 'employer 3405', 1),
(3406, 'employer 3406', 1),
(3407, 'employer 3407', 1),
(3408, 'employer 3408', 1),
(3409, 'employer 3409', 1),
(3410, 'employer 3410', 1),
(3411, 'employer 3411', 1),
(3412, 'employer 3412', 1),
(3413, 'employer 3413', 1),
(3414, 'employer 3414', 1),
(3415, 'employer 3415', 1),
(3416, 'employer 3416', 1),
(3417, 'employer 3417', 1),
(3418, 'employer 3418', 1),
(3419, 'employer 3419', 1),
(3420, 'employer 3420', 1),
(3421, 'employer 3421', 1),
(3422, 'employer 3422', 1),
(3423, 'employer 3423', 1),
(3424, 'employer 3424', 1),
(3425, 'employer 3425', 1),
(3426, 'employer 3426', 1),
(3427, 'employer 3427', 1),
(3428, 'employer 3428', 1),
(3429, 'employer 3429', 1),
(3430, 'employer 3430', 1),
(3431, 'employer 3431', 1),
(3432, 'employer 3432', 1),
(3433, 'employer 3433', 1),
(3434, 'employer 3434', 1),
(3435, 'employer 3435', 1),
(3436, 'employer 3436', 1),
(3437, 'employer 3437', 1),
(3438, 'employer 3438', 1),
(3439, 'employer 3439', 1),
(3440, 'employer 3440', 1),
(3441, 'employer 3441', 1),
(3442, 'employer 3442', 1),
(3443, 'employer 3443', 1),
(3444, 'employer 3444', 1),
(3445, 'employer 3445', 1),
(3446, 'employer 3446', 1),
(3447, 'employer 3447', 1),
(3448, 'employer 3448', 1),
(3449, 'employer 3449', 1),
(3450, 'employer 3450', 1),
(3451, 'employer 3451', 1),
(3452, 'employer 3452', 1),
(3453, 'employer 3453', 1),
(3454, 'employer 3454', 1),
(3455, 'employer 3455', 1),
(3456, 'employer 3456', 1),
(3457, 'employer 3457', 1),
(3458, 'employer 3458', 1),
(3459, 'employer 3459', 1),
(3460, 'employer 3460', 1),
(3461, 'employer 3461', 1),
(3462, 'employer 3462', 1),
(3463, 'employer 3463', 1),
(3464, 'employer 3464', 1),
(3465, 'employer 3465', 1),
(3466, 'employer 3466', 1),
(3467, 'employer 3467', 1),
(3468, 'employer 3468', 1),
(3469, 'employer 3469', 1),
(3470, 'employer 3470', 1),
(3471, 'employer 3471', 1),
(3472, 'employer 3472', 1),
(3473, 'employer 3473', 1),
(3474, 'employer 3474', 1),
(3475, 'employer 3475', 1),
(3476, 'employer 3476', 1),
(3477, 'employer 3477', 1),
(3478, 'employer 3478', 1),
(3479, 'employer 3479', 1),
(3480, 'employer 3480', 1),
(3481, 'employer 3481', 1),
(3482, 'employer 3482', 1),
(3483, 'employer 3483', 1),
(3484, 'employer 3484', 1),
(3485, 'employer 3485', 1),
(3486, 'employer 3486', 1),
(3487, 'employer 3487', 1),
(3488, 'employer 3488', 1),
(3489, 'employer 3489', 1),
(3490, 'employer 3490', 1),
(3491, 'employer 3491', 1),
(3492, 'employer 3492', 1),
(3493, 'employer 3493', 1),
(3494, 'employer 3494', 1),
(3495, 'employer 3495', 1),
(3496, 'employer 3496', 1),
(3497, 'employer 3497', 1),
(3498, 'employer 3498', 1),
(3499, 'employer 3499', 1),
(3500, 'employer 3500', 1),
(3501, 'employer 3501', 1),
(3502, 'employer 3502', 1),
(3503, 'employer 3503', 1),
(3504, 'employer 3504', 1),
(3505, 'employer 3505', 1),
(3506, 'employer 3506', 1),
(3507, 'employer 3507', 1),
(3508, 'employer 3508', 1),
(3509, 'employer 3509', 1),
(3510, 'employer 3510', 1),
(3511, 'employer 3511', 1),
(3512, 'employer 3512', 1),
(3513, 'employer 3513', 1),
(3514, 'employer 3514', 1),
(3515, 'employer 3515', 1),
(3516, 'employer 3516', 1),
(3517, 'employer 3517', 1),
(3518, 'employer 3518', 1),
(3519, 'employer 3519', 1),
(3520, 'employer 3520', 1),
(3521, 'employer 3521', 1),
(3522, 'employer 3522', 1),
(3523, 'employer 3523', 1),
(3524, 'employer 3524', 1),
(3525, 'employer 3525', 1),
(3526, 'employer 3526', 1),
(3527, 'employer 3527', 1),
(3528, 'employer 3528', 1),
(3529, 'employer 3529', 1),
(3530, 'employer 3530', 1),
(3531, 'employer 3531', 1),
(3532, 'employer 3532', 1),
(3533, 'employer 3533', 1),
(3534, 'employer 3534', 1),
(3535, 'employer 3535', 1),
(3536, 'employer 3536', 1),
(3537, 'employer 3537', 1),
(3538, 'employer 3538', 1),
(3539, 'employer 3539', 1),
(3540, 'employer 3540', 1),
(3541, 'employer 3541', 1),
(3542, 'employer 3542', 1),
(3543, 'employer 3543', 1),
(3544, 'employer 3544', 1),
(3545, 'employer 3545', 1),
(3546, 'employer 3546', 1),
(3547, 'employer 3547', 1),
(3548, 'employer 3548', 1),
(3549, 'employer 3549', 1),
(3550, 'employer 3550', 1),
(3551, 'employer 3551', 1),
(3552, 'employer 3552', 1),
(3553, 'employer 3553', 1),
(3554, 'employer 3554', 1),
(3555, 'employer 3555', 1),
(3556, 'employer 3556', 1),
(3557, 'employer 3557', 1),
(3558, 'employer 3558', 1),
(3559, 'employer 3559', 1),
(3560, 'employer 3560', 1),
(3561, 'employer 3561', 1),
(3562, 'employer 3562', 1),
(3563, 'employer 3563', 1),
(3564, 'employer 3564', 1),
(3565, 'employer 3565', 1),
(3566, 'employer 3566', 1),
(3567, 'employer 3567', 1),
(3568, 'employer 3568', 1),
(3569, 'employer 3569', 1),
(3570, 'employer 3570', 1),
(3571, 'employer 3571', 1),
(3572, 'employer 3572', 1),
(3573, 'employer 3573', 1),
(3574, 'employer 3574', 1),
(3575, 'employer 3575', 1),
(3576, 'employer 3576', 1),
(3577, 'employer 3577', 1),
(3578, 'employer 3578', 1),
(3579, 'employer 3579', 1),
(3580, 'employer 3580', 1),
(3581, 'employer 3581', 1),
(3582, 'employer 3582', 1),
(3583, 'employer 3583', 1),
(3584, 'employer 3584', 1),
(3585, 'employer 3585', 1),
(3586, 'employer 3586', 1),
(3587, 'employer 3587', 1),
(3588, 'employer 3588', 1),
(3589, 'employer 3589', 1),
(3590, 'employer 3590', 1),
(3591, 'employer 3591', 1),
(3592, 'employer 3592', 1),
(3593, 'employer 3593', 1),
(3594, 'employer 3594', 1),
(3595, 'employer 3595', 1),
(3596, 'employer 3596', 1),
(3597, 'employer 3597', 1),
(3598, 'employer 3598', 1),
(3599, 'employer 3599', 1),
(3600, 'employer 3600', 1),
(3601, 'employer 3601', 1),
(3602, 'employer 3602', 1),
(3603, 'employer 3603', 1),
(3604, 'employer 3604', 1),
(3605, 'employer 3605', 1),
(3606, 'employer 3606', 1),
(3607, 'employer 3607', 1),
(3608, 'employer 3608', 1),
(3609, 'employer 3609', 1),
(3610, 'employer 3610', 1),
(3611, 'employer 3611', 1),
(3612, 'employer 3612', 1),
(3613, 'employer 3613', 1),
(3614, 'employer 3614', 1),
(3615, 'employer 3615', 1),
(3616, 'employer 3616', 1),
(3617, 'employer 3617', 1),
(3618, 'employer 3618', 1),
(3619, 'employer 3619', 1),
(3620, 'employer 3620', 1),
(3621, 'employer 3621', 1),
(3622, 'employer 3622', 1),
(3623, 'employer 3623', 1),
(3624, 'employer 3624', 1),
(3625, 'employer 3625', 1),
(3626, 'employer 3626', 1),
(3627, 'employer 3627', 1),
(3628, 'employer 3628', 1),
(3629, 'employer 3629', 1),
(3630, 'employer 3630', 1),
(3631, 'employer 3631', 1),
(3632, 'employer 3632', 1),
(3633, 'employer 3633', 1),
(3634, 'employer 3634', 1),
(3635, 'employer 3635', 1),
(3636, 'employer 3636', 1),
(3637, 'employer 3637', 1),
(3638, 'employer 3638', 1),
(3639, 'employer 3639', 1),
(3640, 'employer 3640', 1),
(3641, 'employer 3641', 1),
(3642, 'employer 3642', 1),
(3643, 'employer 3643', 1),
(3644, 'employer 3644', 1),
(3645, 'employer 3645', 1),
(3646, 'employer 3646', 1),
(3647, 'employer 3647', 1),
(3648, 'employer 3648', 1),
(3649, 'employer 3649', 1),
(3650, 'employer 3650', 1),
(3651, 'employer 3651', 1),
(3652, 'employer 3652', 1),
(3653, 'employer 3653', 1),
(3654, 'employer 3654', 1),
(3655, 'employer 3655', 1),
(3656, 'employer 3656', 1),
(3657, 'employer 3657', 1),
(3658, 'employer 3658', 1),
(3659, 'employer 3659', 1),
(3660, 'employer 3660', 1),
(3661, 'employer 3661', 1),
(3662, 'employer 3662', 1),
(3663, 'employer 3663', 1),
(3664, 'employer 3664', 1),
(3665, 'employer 3665', 1),
(3666, 'employer 3666', 1),
(3667, 'employer 3667', 1),
(3668, 'employer 3668', 1),
(3669, 'employer 3669', 1),
(3670, 'employer 3670', 1),
(3671, 'employer 3671', 1),
(3672, 'employer 3672', 1),
(3673, 'employer 3673', 1),
(3674, 'employer 3674', 1),
(3675, 'employer 3675', 1),
(3676, 'employer 3676', 1),
(3677, 'employer 3677', 1),
(3678, 'employer 3678', 1),
(3679, 'employer 3679', 1),
(3680, 'employer 3680', 1),
(3681, 'employer 3681', 1),
(3682, 'employer 3682', 1),
(3683, 'employer 3683', 1),
(3684, 'employer 3684', 1),
(3685, 'employer 3685', 1),
(3686, 'employer 3686', 1),
(3687, 'employer 3687', 1),
(3688, 'employer 3688', 1),
(3689, 'employer 3689', 1),
(3690, 'employer 3690', 1),
(3691, 'employer 3691', 1),
(3692, 'employer 3692', 1),
(3693, 'employer 3693', 1),
(3694, 'employer 3694', 1),
(3695, 'employer 3695', 1),
(3696, 'employer 3696', 1),
(3697, 'employer 3697', 1),
(3698, 'employer 3698', 1),
(3699, 'employer 3699', 1),
(3700, 'employer 3700', 1),
(3701, 'employer 3701', 1),
(3702, 'employer 3702', 1),
(3703, 'employer 3703', 1),
(3704, 'employer 3704', 1),
(3705, 'employer 3705', 1),
(3706, 'employer 3706', 1),
(3707, 'employer 3707', 1),
(3708, 'employer 3708', 1),
(3709, 'employer 3709', 1),
(3710, 'employer 3710', 1),
(3711, 'employer 3711', 1),
(3712, 'employer 3712', 1),
(3713, 'employer 3713', 1),
(3714, 'employer 3714', 1),
(3715, 'employer 3715', 1),
(3716, 'employer 3716', 1),
(3717, 'employer 3717', 1),
(3718, 'employer 3718', 1),
(3719, 'employer 3719', 1),
(3720, 'employer 3720', 1),
(3721, 'employer 3721', 1),
(3722, 'employer 3722', 1),
(3723, 'employer 3723', 1),
(3724, 'employer 3724', 1),
(3725, 'employer 3725', 1),
(3726, 'employer 3726', 1),
(3727, 'employer 3727', 1),
(3728, 'employer 3728', 1),
(3729, 'employer 3729', 1),
(3730, 'employer 3730', 1),
(3731, 'employer 3731', 1),
(3732, 'employer 3732', 1),
(3733, 'employer 3733', 1),
(3734, 'employer 3734', 1),
(3735, 'employer 3735', 1),
(3736, 'employer 3736', 1),
(3737, 'employer 3737', 1),
(3738, 'employer 3738', 1),
(3739, 'employer 3739', 1),
(3740, 'employer 3740', 1),
(3741, 'employer 3741', 1),
(3742, 'employer 3742', 1),
(3743, 'employer 3743', 1),
(3744, 'employer 3744', 1),
(3745, 'employer 3745', 1),
(3746, 'employer 3746', 1),
(3747, 'employer 3747', 1),
(3748, 'employer 3748', 1),
(3749, 'employer 3749', 1),
(3750, 'employer 3750', 1),
(3751, 'employer 3751', 1),
(3752, 'employer 3752', 1),
(3753, 'employer 3753', 1),
(3754, 'employer 3754', 1),
(3755, 'employer 3755', 1),
(3756, 'employer 3756', 1),
(3757, 'employer 3757', 1),
(3758, 'employer 3758', 1),
(3759, 'employer 3759', 1),
(3760, 'employer 3760', 1),
(3761, 'employer 3761', 1),
(3762, 'employer 3762', 1),
(3763, 'employer 3763', 1),
(3764, 'employer 3764', 1),
(3765, 'employer 3765', 1),
(3766, 'employer 3766', 1),
(3767, 'employer 3767', 1),
(3768, 'employer 3768', 1),
(3769, 'employer 3769', 1),
(3770, 'employer 3770', 1),
(3771, 'employer 3771', 1),
(3772, 'employer 3772', 1),
(3773, 'employer 3773', 1),
(3774, 'employer 3774', 1),
(3775, 'employer 3775', 1),
(3776, 'employer 3776', 1),
(3777, 'employer 3777', 1),
(3778, 'employer 3778', 1),
(3779, 'employer 3779', 1),
(3780, 'employer 3780', 1),
(3781, 'employer 3781', 1),
(3782, 'employer 3782', 1),
(3783, 'employer 3783', 1),
(3784, 'employer 3784', 1),
(3785, 'employer 3785', 1),
(3786, 'employer 3786', 1),
(3787, 'employer 3787', 1),
(3788, 'employer 3788', 1),
(3789, 'employer 3789', 1),
(3790, 'employer 3790', 1),
(3791, 'employer 3791', 1),
(3792, 'employer 3792', 1),
(3793, 'employer 3793', 1),
(3794, 'employer 3794', 1),
(3795, 'employer 3795', 1),
(3796, 'employer 3796', 1),
(3797, 'employer 3797', 1),
(3798, 'employer 3798', 1),
(3799, 'employer 3799', 1),
(3800, 'employer 3800', 1),
(3801, 'employer 3801', 1),
(3802, 'employer 3802', 1),
(3803, 'employer 3803', 1),
(3804, 'employer 3804', 1),
(3805, 'employer 3805', 1),
(3806, 'employer 3806', 1),
(3807, 'employer 3807', 1),
(3808, 'employer 3808', 1),
(3809, 'employer 3809', 1),
(3810, 'employer 3810', 1),
(3811, 'employer 3811', 1),
(3812, 'employer 3812', 1),
(3813, 'employer 3813', 1),
(3814, 'employer 3814', 1),
(3815, 'employer 3815', 1),
(3816, 'employer 3816', 1),
(3817, 'employer 3817', 1),
(3818, 'employer 3818', 1),
(3819, 'employer 3819', 1),
(3820, 'employer 3820', 1),
(3821, 'employer 3821', 1),
(3822, 'employer 3822', 1),
(3823, 'employer 3823', 1),
(3824, 'employer 3824', 1),
(3825, 'employer 3825', 1),
(3826, 'employer 3826', 1),
(3827, 'employer 3827', 1),
(3828, 'employer 3828', 1),
(3829, 'employer 3829', 1),
(3830, 'employer 3830', 1),
(3831, 'employer 3831', 1),
(3832, 'employer 3832', 1),
(3833, 'employer 3833', 1),
(3834, 'employer 3834', 1),
(3835, 'employer 3835', 1),
(3836, 'employer 3836', 1),
(3837, 'employer 3837', 1),
(3838, 'employer 3838', 1),
(3839, 'employer 3839', 1),
(3840, 'employer 3840', 1),
(3841, 'employer 3841', 1),
(3842, 'employer 3842', 1),
(3843, 'employer 3843', 1),
(3844, 'employer 3844', 1),
(3845, 'employer 3845', 1),
(3846, 'employer 3846', 1),
(3847, 'employer 3847', 1),
(3848, 'employer 3848', 1),
(3849, 'employer 3849', 1),
(3850, 'employer 3850', 1),
(3851, 'employer 3851', 1),
(3852, 'employer 3852', 1),
(3853, 'employer 3853', 1),
(3854, 'employer 3854', 1),
(3855, 'employer 3855', 1),
(3856, 'employer 3856', 1),
(3857, 'employer 3857', 1),
(3858, 'employer 3858', 1),
(3859, 'employer 3859', 1),
(3860, 'employer 3860', 1),
(3861, 'employer 3861', 1),
(3862, 'employer 3862', 1),
(3863, 'employer 3863', 1),
(3864, 'employer 3864', 1),
(3865, 'employer 3865', 1),
(3866, 'employer 3866', 1),
(3867, 'employer 3867', 1),
(3868, 'employer 3868', 1),
(3869, 'employer 3869', 1),
(3870, 'employer 3870', 1),
(3871, 'employer 3871', 1),
(3872, 'employer 3872', 1),
(3873, 'employer 3873', 1),
(3874, 'employer 3874', 1),
(3875, 'employer 3875', 1),
(3876, 'employer 3876', 1),
(3877, 'employer 3877', 1),
(3878, 'employer 3878', 1),
(3879, 'employer 3879', 1),
(3880, 'employer 3880', 1),
(3881, 'employer 3881', 1),
(3882, 'employer 3882', 1),
(3883, 'employer 3883', 1),
(3884, 'employer 3884', 1),
(3885, 'employer 3885', 1),
(3886, 'employer 3886', 1),
(3887, 'employer 3887', 1),
(3888, 'employer 3888', 1),
(3889, 'employer 3889', 1),
(3890, 'employer 3890', 1),
(3891, 'employer 3891', 1),
(3892, 'employer 3892', 1),
(3893, 'employer 3893', 1),
(3894, 'employer 3894', 1),
(3895, 'employer 3895', 1),
(3896, 'employer 3896', 1),
(3897, 'employer 3897', 1),
(3898, 'employer 3898', 1),
(3899, 'employer 3899', 1),
(3900, 'employer 3900', 1),
(3901, 'employer 3901', 1),
(3902, 'employer 3902', 1),
(3903, 'employer 3903', 1),
(3904, 'employer 3904', 1),
(3905, 'employer 3905', 1),
(3906, 'employer 3906', 1),
(3907, 'employer 3907', 1),
(3908, 'employer 3908', 1),
(3909, 'employer 3909', 1),
(3910, 'employer 3910', 1),
(3911, 'employer 3911', 1),
(3912, 'employer 3912', 1),
(3913, 'employer 3913', 1),
(3914, 'employer 3914', 1),
(3915, 'employer 3915', 1),
(3916, 'employer 3916', 1),
(3917, 'employer 3917', 1),
(3918, 'employer 3918', 1),
(3919, 'employer 3919', 1),
(3920, 'employer 3920', 1),
(3921, 'employer 3921', 1),
(3922, 'employer 3922', 1),
(3923, 'employer 3923', 1),
(3924, 'employer 3924', 1),
(3925, 'employer 3925', 1);
INSERT INTO `employee` (`id`, `name`, `department`) VALUES
(3926, 'employer 3926', 1),
(3927, 'employer 3927', 1),
(3928, 'employer 3928', 1),
(3929, 'employer 3929', 1),
(3930, 'employer 3930', 1),
(3931, 'employer 3931', 1),
(3932, 'employer 3932', 1),
(3933, 'employer 3933', 1),
(3934, 'employer 3934', 1),
(3935, 'employer 3935', 1),
(3936, 'employer 3936', 1),
(3937, 'employer 3937', 1),
(3938, 'employer 3938', 1),
(3939, 'employer 3939', 1),
(3940, 'employer 3940', 1),
(3941, 'employer 3941', 1),
(3942, 'employer 3942', 1),
(3943, 'employer 3943', 1),
(3944, 'employer 3944', 1),
(3945, 'employer 3945', 1),
(3946, 'employer 3946', 1),
(3947, 'employer 3947', 1),
(3948, 'employer 3948', 1),
(3949, 'employer 3949', 1),
(3950, 'employer 3950', 1),
(3951, 'employer 3951', 1),
(3952, 'employer 3952', 1),
(3953, 'employer 3953', 1),
(3954, 'employer 3954', 1),
(3955, 'employer 3955', 1),
(3956, 'employer 3956', 1),
(3957, 'employer 3957', 1),
(3958, 'employer 3958', 1),
(3959, 'employer 3959', 1),
(3960, 'employer 3960', 1),
(3961, 'employer 3961', 1),
(3962, 'employer 3962', 1),
(3963, 'employer 3963', 1),
(3964, 'employer 3964', 1),
(3965, 'employer 3965', 1),
(3966, 'employer 3966', 1),
(3967, 'employer 3967', 1),
(3968, 'employer 3968', 1),
(3969, 'employer 3969', 1),
(3970, 'employer 3970', 1),
(3971, 'employer 3971', 1),
(3972, 'employer 3972', 1),
(3973, 'employer 3973', 1),
(3974, 'employer 3974', 1),
(3975, 'employer 3975', 1),
(3976, 'employer 3976', 1),
(3977, 'employer 3977', 1),
(3978, 'employer 3978', 1),
(3979, 'employer 3979', 1),
(3980, 'employer 3980', 1),
(3981, 'employer 3981', 1),
(3982, 'employer 3982', 1),
(3983, 'employer 3983', 1),
(3984, 'employer 3984', 1),
(3985, 'employer 3985', 1),
(3986, 'employer 3986', 1),
(3987, 'employer 3987', 1),
(3988, 'employer 3988', 1),
(3989, 'employer 3989', 1),
(3990, 'employer 3990', 1),
(3991, 'employer 3991', 1),
(3992, 'employer 3992', 1),
(3993, 'employer 3993', 1),
(3994, 'employer 3994', 1),
(3995, 'employer 3995', 1),
(3996, 'employer 3996', 1),
(3997, 'employer 3997', 1),
(3998, 'employer 3998', 1),
(3999, 'employer 3999', 1),
(4000, 'employer 4000', 1),
(4001, 'employer 4001', 1),
(4002, 'employer 4002', 1),
(4003, 'employer 4003', 1),
(4004, 'employer 4004', 1),
(4005, 'employer 4005', 1),
(4006, 'employer 4006', 1),
(4007, 'employer 4007', 1),
(4008, 'employer 4008', 1),
(4009, 'employer 4009', 1),
(4010, 'employer 4010', 1),
(4011, 'employer 4011', 1),
(4012, 'employer 4012', 1),
(4013, 'employer 4013', 1),
(4014, 'employer 4014', 1),
(4015, 'employer 4015', 1),
(4016, 'employer 4016', 1),
(4017, 'employer 4017', 1),
(4018, 'employer 4018', 1),
(4019, 'employer 4019', 1),
(4020, 'employer 4020', 1),
(4021, 'employer 4021', 1),
(4022, 'employer 4022', 1),
(4023, 'employer 4023', 1),
(4024, 'employer 4024', 1),
(4025, 'employer 4025', 1),
(4026, 'employer 4026', 1),
(4027, 'employer 4027', 1),
(4028, 'employer 4028', 1),
(4029, 'employer 4029', 1),
(4030, 'employer 4030', 1),
(4031, 'employer 4031', 1),
(4032, 'employer 4032', 1),
(4033, 'employer 4033', 1),
(4034, 'employer 4034', 1),
(4035, 'employer 4035', 1),
(4036, 'employer 4036', 1),
(4037, 'employer 4037', 1),
(4038, 'employer 4038', 1),
(4039, 'employer 4039', 1),
(4040, 'employer 4040', 1),
(4041, 'employer 4041', 1),
(4042, 'employer 4042', 1),
(4043, 'employer 4043', 1),
(4044, 'employer 4044', 1),
(4045, 'employer 4045', 1),
(4046, 'employer 4046', 1),
(4047, 'employer 4047', 1),
(4048, 'employer 4048', 1),
(4049, 'employer 4049', 1),
(4050, 'employer 4050', 1),
(4051, 'employer 4051', 1),
(4052, 'employer 4052', 1),
(4053, 'employer 4053', 1),
(4054, 'employer 4054', 1),
(4055, 'employer 4055', 1),
(4056, 'employer 4056', 1),
(4057, 'employer 4057', 1),
(4058, 'employer 4058', 1),
(4059, 'employer 4059', 1),
(4060, 'employer 4060', 1),
(4061, 'employer 4061', 1),
(4062, 'employer 4062', 1),
(4063, 'employer 4063', 1),
(4064, 'employer 4064', 1),
(4065, 'employer 4065', 1),
(4066, 'employer 4066', 1),
(4067, 'employer 4067', 1),
(4068, 'employer 4068', 1),
(4069, 'employer 4069', 1),
(4070, 'employer 4070', 1),
(4071, 'employer 4071', 1),
(4072, 'employer 4072', 1),
(4073, 'employer 4073', 1),
(4074, 'employer 4074', 1),
(4075, 'employer 4075', 1),
(4076, 'employer 4076', 1),
(4077, 'employer 4077', 1),
(4078, 'employer 4078', 1),
(4079, 'employer 4079', 1),
(4080, 'employer 4080', 1),
(4081, 'employer 4081', 1),
(4082, 'employer 4082', 1),
(4083, 'employer 4083', 1),
(4084, 'employer 4084', 1),
(4085, 'employer 4085', 1),
(4086, 'employer 4086', 1),
(4087, 'employer 4087', 1),
(4088, 'employer 4088', 1),
(4089, 'employer 4089', 1),
(4090, 'employer 4090', 1),
(4091, 'employer 4091', 1),
(4092, 'employer 4092', 1),
(4093, 'employer 4093', 1),
(4094, 'employer 4094', 1),
(4095, 'employer 4095', 1),
(4096, 'employer 4096', 1),
(4097, 'employer 4097', 1),
(4098, 'employer 4098', 1),
(4099, 'employer 4099', 1),
(4100, 'employer 4100', 1),
(4101, 'employer 4101', 1),
(4102, 'employer 4102', 1),
(4103, 'employer 4103', 1),
(4104, 'employer 4104', 1),
(4105, 'employer 4105', 1),
(4106, 'employer 4106', 1),
(4107, 'employer 4107', 1),
(4108, 'employer 4108', 1),
(4109, 'employer 4109', 1),
(4110, 'employer 4110', 1),
(4111, 'employer 4111', 1),
(4112, 'employer 4112', 1),
(4113, 'employer 4113', 1),
(4114, 'employer 4114', 1),
(4115, 'employer 4115', 1),
(4116, 'employer 4116', 1),
(4117, 'employer 4117', 1),
(4118, 'employer 4118', 1),
(4119, 'employer 4119', 1),
(4120, 'employer 4120', 1),
(4121, 'employer 4121', 1),
(4122, 'employer 4122', 1),
(4123, 'employer 4123', 1),
(4124, 'employer 4124', 1),
(4125, 'employer 4125', 1),
(4126, 'employer 4126', 1),
(4127, 'employer 4127', 1),
(4128, 'employer 4128', 1),
(4129, 'employer 4129', 1),
(4130, 'employer 4130', 1),
(4131, 'employer 4131', 1),
(4132, 'employer 4132', 1),
(4133, 'employer 4133', 1),
(4134, 'employer 4134', 1),
(4135, 'employer 4135', 1),
(4136, 'employer 4136', 1),
(4137, 'employer 4137', 1),
(4138, 'employer 4138', 1),
(4139, 'employer 4139', 1),
(4140, 'employer 4140', 1),
(4141, 'employer 4141', 1),
(4142, 'employer 4142', 1),
(4143, 'employer 4143', 1),
(4144, 'employer 4144', 1),
(4145, 'employer 4145', 1),
(4146, 'employer 4146', 1),
(4147, 'employer 4147', 1),
(4148, 'employer 4148', 1),
(4149, 'employer 4149', 1),
(4150, 'employer 4150', 1),
(4151, 'employer 4151', 1),
(4152, 'employer 4152', 1),
(4153, 'employer 4153', 1),
(4154, 'employer 4154', 1),
(4155, 'employer 4155', 1),
(4156, 'employer 4156', 1),
(4157, 'employer 4157', 1),
(4158, 'employer 4158', 1),
(4159, 'employer 4159', 1),
(4160, 'employer 4160', 1),
(4161, 'employer 4161', 1),
(4162, 'employer 4162', 1),
(4163, 'employer 4163', 1),
(4164, 'employer 4164', 1),
(4165, 'employer 4165', 1),
(4166, 'employer 4166', 1),
(4167, 'employer 4167', 1),
(4168, 'employer 4168', 1),
(4169, 'employer 4169', 1),
(4170, 'employer 4170', 1),
(4171, 'employer 4171', 1),
(4172, 'employer 4172', 1),
(4173, 'employer 4173', 1),
(4174, 'employer 4174', 1),
(4175, 'employer 4175', 1),
(4176, 'employer 4176', 1),
(4177, 'employer 4177', 1),
(4178, 'employer 4178', 1),
(4179, 'employer 4179', 1),
(4180, 'employer 4180', 1),
(4181, 'employer 4181', 1),
(4182, 'employer 4182', 1),
(4183, 'employer 4183', 1),
(4184, 'employer 4184', 1),
(4185, 'employer 4185', 1),
(4186, 'employer 4186', 1),
(4187, 'employer 4187', 1),
(4188, 'employer 4188', 1),
(4189, 'employer 4189', 1),
(4190, 'employer 4190', 1),
(4191, 'employer 4191', 1),
(4192, 'employer 4192', 1),
(4193, 'employer 4193', 1),
(4194, 'employer 4194', 1),
(4195, 'employer 4195', 1),
(4196, 'employer 4196', 1),
(4197, 'employer 4197', 1),
(4198, 'employer 4198', 1),
(4199, 'employer 4199', 1),
(4200, 'employer 4200', 1),
(4201, 'employer 4201', 1),
(4202, 'employer 4202', 1),
(4203, 'employer 4203', 1),
(4204, 'employer 4204', 1),
(4205, 'employer 4205', 1),
(4206, 'employer 4206', 1),
(4207, 'employer 4207', 1),
(4208, 'employer 4208', 1),
(4209, 'employer 4209', 1),
(4210, 'employer 4210', 1),
(4211, 'employer 4211', 1),
(4212, 'employer 4212', 1),
(4213, 'employer 4213', 1),
(4214, 'employer 4214', 1),
(4215, 'employer 4215', 1),
(4216, 'employer 4216', 1),
(4217, 'employer 4217', 1),
(4218, 'employer 4218', 1),
(4219, 'employer 4219', 1),
(4220, 'employer 4220', 1),
(4221, 'employer 4221', 1),
(4222, 'employer 4222', 1),
(4223, 'employer 4223', 1),
(4224, 'employer 4224', 1),
(4225, 'employer 4225', 1),
(4226, 'employer 4226', 1),
(4227, 'employer 4227', 1),
(4228, 'employer 4228', 1),
(4229, 'employer 4229', 1),
(4230, 'employer 4230', 1),
(4231, 'employer 4231', 1),
(4232, 'employer 4232', 1),
(4233, 'employer 4233', 1),
(4234, 'employer 4234', 1),
(4235, 'employer 4235', 1),
(4236, 'employer 4236', 1),
(4237, 'employer 4237', 1),
(4238, 'employer 4238', 1),
(4239, 'employer 4239', 1),
(4240, 'employer 4240', 1),
(4241, 'employer 4241', 1),
(4242, 'employer 4242', 1),
(4243, 'employer 4243', 1),
(4244, 'employer 4244', 1),
(4245, 'employer 4245', 1),
(4246, 'employer 4246', 1),
(4247, 'employer 4247', 1),
(4248, 'employer 4248', 1),
(4249, 'employer 4249', 1),
(4250, 'employer 4250', 1),
(4251, 'employer 4251', 1),
(4252, 'employer 4252', 1),
(4253, 'employer 4253', 1),
(4254, 'employer 4254', 1),
(4255, 'employer 4255', 1),
(4256, 'employer 4256', 1),
(4257, 'employer 4257', 1),
(4258, 'employer 4258', 1),
(4259, 'employer 4259', 1),
(4260, 'employer 4260', 1),
(4261, 'employer 4261', 1),
(4262, 'employer 4262', 1),
(4263, 'employer 4263', 1),
(4264, 'employer 4264', 1),
(4265, 'employer 4265', 1),
(4266, 'employer 4266', 1),
(4267, 'employer 4267', 1),
(4268, 'employer 4268', 1),
(4269, 'employer 4269', 1),
(4270, 'employer 4270', 1),
(4271, 'employer 4271', 1),
(4272, 'employer 4272', 1),
(4273, 'employer 4273', 1),
(4274, 'employer 4274', 1),
(4275, 'employer 4275', 1),
(4276, 'employer 4276', 1),
(4277, 'employer 4277', 1),
(4278, 'employer 4278', 1),
(4279, 'employer 4279', 1),
(4280, 'employer 4280', 1),
(4281, 'employer 4281', 1),
(4282, 'employer 4282', 1),
(4283, 'employer 4283', 1),
(4284, 'employer 4284', 1),
(4285, 'employer 4285', 1),
(4286, 'employer 4286', 1),
(4287, 'employer 4287', 1),
(4288, 'employer 4288', 1),
(4289, 'employer 4289', 1),
(4290, 'employer 4290', 1),
(4291, 'employer 4291', 1),
(4292, 'employer 4292', 1),
(4293, 'employer 4293', 1),
(4294, 'employer 4294', 1),
(4295, 'employer 4295', 1),
(4296, 'employer 4296', 1),
(4297, 'employer 4297', 1),
(4298, 'employer 4298', 1),
(4299, 'employer 4299', 1),
(4300, 'employer 4300', 1),
(4301, 'employer 4301', 1),
(4302, 'employer 4302', 1),
(4303, 'employer 4303', 1),
(4304, 'employer 4304', 1),
(4305, 'employer 4305', 1),
(4306, 'employer 4306', 1),
(4307, 'employer 4307', 1),
(4308, 'employer 4308', 1),
(4309, 'employer 4309', 1),
(4310, 'employer 4310', 1),
(4311, 'employer 4311', 1),
(4312, 'employer 4312', 1),
(4313, 'employer 4313', 1),
(4314, 'employer 4314', 1),
(4315, 'employer 4315', 1),
(4316, 'employer 4316', 1),
(4317, 'employer 4317', 1),
(4318, 'employer 4318', 1),
(4319, 'employer 4319', 1),
(4320, 'employer 4320', 1),
(4321, 'employer 4321', 1),
(4322, 'employer 4322', 1),
(4323, 'employer 4323', 1),
(4324, 'employer 4324', 1),
(4325, 'employer 4325', 1),
(4326, 'employer 4326', 1),
(4327, 'employer 4327', 1),
(4328, 'employer 4328', 1),
(4329, 'employer 4329', 1),
(4330, 'employer 4330', 1),
(4331, 'employer 4331', 1),
(4332, 'employer 4332', 1),
(4333, 'employer 4333', 1),
(4334, 'employer 4334', 1),
(4335, 'employer 4335', 1),
(4336, 'employer 4336', 1),
(4337, 'employer 4337', 1),
(4338, 'employer 4338', 1),
(4339, 'employer 4339', 1),
(4340, 'employer 4340', 1),
(4341, 'employer 4341', 1),
(4342, 'employer 4342', 1),
(4343, 'employer 4343', 1),
(4344, 'employer 4344', 1),
(4345, 'employer 4345', 1),
(4346, 'employer 4346', 1),
(4347, 'employer 4347', 1),
(4348, 'employer 4348', 1),
(4349, 'employer 4349', 1),
(4350, 'employer 4350', 1),
(4351, 'employer 4351', 1),
(4352, 'employer 4352', 1),
(4353, 'employer 4353', 1),
(4354, 'employer 4354', 1),
(4355, 'employer 4355', 1),
(4356, 'employer 4356', 1),
(4357, 'employer 4357', 1),
(4358, 'employer 4358', 1),
(4359, 'employer 4359', 1),
(4360, 'employer 4360', 1),
(4361, 'employer 4361', 1),
(4362, 'employer 4362', 1),
(4363, 'employer 4363', 1),
(4364, 'employer 4364', 1),
(4365, 'employer 4365', 1),
(4366, 'employer 4366', 1),
(4367, 'employer 4367', 1),
(4368, 'employer 4368', 1),
(4369, 'employer 4369', 1),
(4370, 'employer 4370', 1),
(4371, 'employer 4371', 1),
(4372, 'employer 4372', 1),
(4373, 'employer 4373', 1),
(4374, 'employer 4374', 1),
(4375, 'employer 4375', 1),
(4376, 'employer 4376', 1),
(4377, 'employer 4377', 1),
(4378, 'employer 4378', 1),
(4379, 'employer 4379', 1),
(4380, 'employer 4380', 1),
(4381, 'employer 4381', 1),
(4382, 'employer 4382', 1),
(4383, 'employer 4383', 1),
(4384, 'employer 4384', 1),
(4385, 'employer 4385', 1),
(4386, 'employer 4386', 1),
(4387, 'employer 4387', 1),
(4388, 'employer 4388', 1),
(4389, 'employer 4389', 1),
(4390, 'employer 4390', 1),
(4391, 'employer 4391', 1),
(4392, 'employer 4392', 1),
(4393, 'employer 4393', 1),
(4394, 'employer 4394', 1),
(4395, 'employer 4395', 1),
(4396, 'employer 4396', 1),
(4397, 'employer 4397', 1),
(4398, 'employer 4398', 1),
(4399, 'employer 4399', 1),
(4400, 'employer 4400', 1),
(4401, 'employer 4401', 1),
(4402, 'employer 4402', 1),
(4403, 'employer 4403', 1),
(4404, 'employer 4404', 1),
(4405, 'employer 4405', 1),
(4406, 'employer 4406', 1),
(4407, 'employer 4407', 1),
(4408, 'employer 4408', 1),
(4409, 'employer 4409', 1),
(4410, 'employer 4410', 1),
(4411, 'employer 4411', 1),
(4412, 'employer 4412', 1),
(4413, 'employer 4413', 1),
(4414, 'employer 4414', 1),
(4415, 'employer 4415', 1),
(4416, 'employer 4416', 1),
(4417, 'employer 4417', 1),
(4418, 'employer 4418', 1),
(4419, 'employer 4419', 1),
(4420, 'employer 4420', 1),
(4421, 'employer 4421', 1),
(4422, 'employer 4422', 1),
(4423, 'employer 4423', 1),
(4424, 'employer 4424', 1),
(4425, 'employer 4425', 1),
(4426, 'employer 4426', 1),
(4427, 'employer 4427', 1),
(4428, 'employer 4428', 1),
(4429, 'employer 4429', 1),
(4430, 'employer 4430', 1),
(4431, 'employer 4431', 1),
(4432, 'employer 4432', 1),
(4433, 'employer 4433', 1),
(4434, 'employer 4434', 1),
(4435, 'employer 4435', 1),
(4436, 'employer 4436', 1),
(4437, 'employer 4437', 1),
(4438, 'employer 4438', 1),
(4439, 'employer 4439', 1),
(4440, 'employer 4440', 1),
(4441, 'employer 4441', 1),
(4442, 'employer 4442', 1),
(4443, 'employer 4443', 1),
(4444, 'employer 4444', 1),
(4445, 'employer 4445', 1),
(4446, 'employer 4446', 1),
(4447, 'employer 4447', 1),
(4448, 'employer 4448', 1),
(4449, 'employer 4449', 1),
(4450, 'employer 4450', 1),
(4451, 'employer 4451', 1),
(4452, 'employer 4452', 1),
(4453, 'employer 4453', 1),
(4454, 'employer 4454', 1),
(4455, 'employer 4455', 1),
(4456, 'employer 4456', 1),
(4457, 'employer 4457', 1),
(4458, 'employer 4458', 1),
(4459, 'employer 4459', 1),
(4460, 'employer 4460', 1),
(4461, 'employer 4461', 1),
(4462, 'employer 4462', 1),
(4463, 'employer 4463', 1),
(4464, 'employer 4464', 1),
(4465, 'employer 4465', 1),
(4466, 'employer 4466', 1),
(4467, 'employer 4467', 1),
(4468, 'employer 4468', 1),
(4469, 'employer 4469', 1),
(4470, 'employer 4470', 1),
(4471, 'employer 4471', 1),
(4472, 'employer 4472', 1),
(4473, 'employer 4473', 1),
(4474, 'employer 4474', 1),
(4475, 'employer 4475', 1),
(4476, 'employer 4476', 1),
(4477, 'employer 4477', 1),
(4478, 'employer 4478', 1),
(4479, 'employer 4479', 1),
(4480, 'employer 4480', 1),
(4481, 'employer 4481', 1),
(4482, 'employer 4482', 1),
(4483, 'employer 4483', 1),
(4484, 'employer 4484', 1),
(4485, 'employer 4485', 1),
(4486, 'employer 4486', 1),
(4487, 'employer 4487', 1),
(4488, 'employer 4488', 1),
(4489, 'employer 4489', 1),
(4490, 'employer 4490', 1),
(4491, 'employer 4491', 1),
(4492, 'employer 4492', 1),
(4493, 'employer 4493', 1),
(4494, 'employer 4494', 1),
(4495, 'employer 4495', 1),
(4496, 'employer 4496', 1),
(4497, 'employer 4497', 1),
(4498, 'employer 4498', 1),
(4499, 'employer 4499', 1),
(4500, 'employer 4500', 1),
(4501, 'employer 4501', 1),
(4502, 'employer 4502', 1),
(4503, 'employer 4503', 1),
(4504, 'employer 4504', 1),
(4505, 'employer 4505', 1),
(4506, 'employer 4506', 1),
(4507, 'employer 4507', 1),
(4508, 'employer 4508', 1),
(4509, 'employer 4509', 1),
(4510, 'employer 4510', 1),
(4511, 'employer 4511', 1),
(4512, 'employer 4512', 1),
(4513, 'employer 4513', 1),
(4514, 'employer 4514', 1),
(4515, 'employer 4515', 1),
(4516, 'employer 4516', 1),
(4517, 'employer 4517', 1),
(4518, 'employer 4518', 1),
(4519, 'employer 4519', 1),
(4520, 'employer 4520', 1),
(4521, 'employer 4521', 1),
(4522, 'employer 4522', 1),
(4523, 'employer 4523', 1),
(4524, 'employer 4524', 1),
(4525, 'employer 4525', 1),
(4526, 'employer 4526', 1),
(4527, 'employer 4527', 1),
(4528, 'employer 4528', 1),
(4529, 'employer 4529', 1),
(4530, 'employer 4530', 1),
(4531, 'employer 4531', 1),
(4532, 'employer 4532', 1),
(4533, 'employer 4533', 1),
(4534, 'employer 4534', 1),
(4535, 'employer 4535', 1),
(4536, 'employer 4536', 1),
(4537, 'employer 4537', 1),
(4538, 'employer 4538', 1),
(4539, 'employer 4539', 1),
(4540, 'employer 4540', 1),
(4541, 'employer 4541', 1),
(4542, 'employer 4542', 1),
(4543, 'employer 4543', 1),
(4544, 'employer 4544', 1),
(4545, 'employer 4545', 1),
(4546, 'employer 4546', 1),
(4547, 'employer 4547', 1),
(4548, 'employer 4548', 1),
(4549, 'employer 4549', 1),
(4550, 'employer 4550', 1),
(4551, 'employer 4551', 1),
(4552, 'employer 4552', 1),
(4553, 'employer 4553', 1),
(4554, 'employer 4554', 1),
(4555, 'employer 4555', 1),
(4556, 'employer 4556', 1),
(4557, 'employer 4557', 1),
(4558, 'employer 4558', 1),
(4559, 'employer 4559', 1),
(4560, 'employer 4560', 1),
(4561, 'employer 4561', 1),
(4562, 'employer 4562', 1),
(4563, 'employer 4563', 1),
(4564, 'employer 4564', 1),
(4565, 'employer 4565', 1),
(4566, 'employer 4566', 1),
(4567, 'employer 4567', 1),
(4568, 'employer 4568', 1),
(4569, 'employer 4569', 1),
(4570, 'employer 4570', 1),
(4571, 'employer 4571', 1),
(4572, 'employer 4572', 1),
(4573, 'employer 4573', 1),
(4574, 'employer 4574', 1),
(4575, 'employer 4575', 1),
(4576, 'employer 4576', 1),
(4577, 'employer 4577', 1),
(4578, 'employer 4578', 1),
(4579, 'employer 4579', 1),
(4580, 'employer 4580', 1),
(4581, 'employer 4581', 1),
(4582, 'employer 4582', 1),
(4583, 'employer 4583', 1),
(4584, 'employer 4584', 1),
(4585, 'employer 4585', 1),
(4586, 'employer 4586', 1),
(4587, 'employer 4587', 1),
(4588, 'employer 4588', 1),
(4589, 'employer 4589', 1),
(4590, 'employer 4590', 1),
(4591, 'employer 4591', 1),
(4592, 'employer 4592', 1),
(4593, 'employer 4593', 1),
(4594, 'employer 4594', 1),
(4595, 'employer 4595', 1),
(4596, 'employer 4596', 1),
(4597, 'employer 4597', 1),
(4598, 'employer 4598', 1),
(4599, 'employer 4599', 1),
(4600, 'employer 4600', 1),
(4601, 'employer 4601', 1),
(4602, 'employer 4602', 1),
(4603, 'employer 4603', 1),
(4604, 'employer 4604', 1),
(4605, 'employer 4605', 1),
(4606, 'employer 4606', 1),
(4607, 'employer 4607', 1),
(4608, 'employer 4608', 1),
(4609, 'employer 4609', 1),
(4610, 'employer 4610', 1),
(4611, 'employer 4611', 1),
(4612, 'employer 4612', 1),
(4613, 'employer 4613', 1),
(4614, 'employer 4614', 1),
(4615, 'employer 4615', 1),
(4616, 'employer 4616', 1),
(4617, 'employer 4617', 1),
(4618, 'employer 4618', 1),
(4619, 'employer 4619', 1),
(4620, 'employer 4620', 1),
(4621, 'employer 4621', 1),
(4622, 'employer 4622', 1),
(4623, 'employer 4623', 1),
(4624, 'employer 4624', 1),
(4625, 'employer 4625', 1),
(4626, 'employer 4626', 1),
(4627, 'employer 4627', 1),
(4628, 'employer 4628', 1),
(4629, 'employer 4629', 1),
(4630, 'employer 4630', 1),
(4631, 'employer 4631', 1),
(4632, 'employer 4632', 1),
(4633, 'employer 4633', 1),
(4634, 'employer 4634', 1),
(4635, 'employer 4635', 1),
(4636, 'employer 4636', 1),
(4637, 'employer 4637', 1),
(4638, 'employer 4638', 1),
(4639, 'employer 4639', 1),
(4640, 'employer 4640', 1),
(4641, 'employer 4641', 1),
(4642, 'employer 4642', 1),
(4643, 'employer 4643', 1),
(4644, 'employer 4644', 1),
(4645, 'employer 4645', 1),
(4646, 'employer 4646', 1),
(4647, 'employer 4647', 1),
(4648, 'employer 4648', 1),
(4649, 'employer 4649', 1),
(4650, 'employer 4650', 1),
(4651, 'employer 4651', 1),
(4652, 'employer 4652', 1),
(4653, 'employer 4653', 1),
(4654, 'employer 4654', 1),
(4655, 'employer 4655', 1),
(4656, 'employer 4656', 1),
(4657, 'employer 4657', 1),
(4658, 'employer 4658', 1),
(4659, 'employer 4659', 1),
(4660, 'employer 4660', 1),
(4661, 'employer 4661', 1),
(4662, 'employer 4662', 1),
(4663, 'employer 4663', 1),
(4664, 'employer 4664', 1),
(4665, 'employer 4665', 1),
(4666, 'employer 4666', 1),
(4667, 'employer 4667', 1),
(4668, 'employer 4668', 1),
(4669, 'employer 4669', 1),
(4670, 'employer 4670', 1),
(4671, 'employer 4671', 1),
(4672, 'employer 4672', 1),
(4673, 'employer 4673', 1),
(4674, 'employer 4674', 1),
(4675, 'employer 4675', 1),
(4676, 'employer 4676', 1),
(4677, 'employer 4677', 1),
(4678, 'employer 4678', 1),
(4679, 'employer 4679', 1),
(4680, 'employer 4680', 1),
(4681, 'employer 4681', 1),
(4682, 'employer 4682', 1),
(4683, 'employer 4683', 1),
(4684, 'employer 4684', 1),
(4685, 'employer 4685', 1),
(4686, 'employer 4686', 1),
(4687, 'employer 4687', 1),
(4688, 'employer 4688', 1),
(4689, 'employer 4689', 1),
(4690, 'employer 4690', 1),
(4691, 'employer 4691', 1),
(4692, 'employer 4692', 1),
(4693, 'employer 4693', 1),
(4694, 'employer 4694', 1),
(4695, 'employer 4695', 1),
(4696, 'employer 4696', 1),
(4697, 'employer 4697', 1),
(4698, 'employer 4698', 1),
(4699, 'employer 4699', 1),
(4700, 'employer 4700', 1),
(4701, 'employer 4701', 1),
(4702, 'employer 4702', 1),
(4703, 'employer 4703', 1),
(4704, 'employer 4704', 1),
(4705, 'employer 4705', 1),
(4706, 'employer 4706', 1),
(4707, 'employer 4707', 1),
(4708, 'employer 4708', 1),
(4709, 'employer 4709', 1),
(4710, 'employer 4710', 1),
(4711, 'employer 4711', 1),
(4712, 'employer 4712', 1),
(4713, 'employer 4713', 1),
(4714, 'employer 4714', 1),
(4715, 'employer 4715', 1),
(4716, 'employer 4716', 1),
(4717, 'employer 4717', 1),
(4718, 'employer 4718', 1),
(4719, 'employer 4719', 1),
(4720, 'employer 4720', 1),
(4721, 'employer 4721', 1),
(4722, 'employer 4722', 1),
(4723, 'employer 4723', 1),
(4724, 'employer 4724', 1),
(4725, 'employer 4725', 1),
(4726, 'employer 4726', 1),
(4727, 'employer 4727', 1),
(4728, 'employer 4728', 1),
(4729, 'employer 4729', 1),
(4730, 'employer 4730', 1),
(4731, 'employer 4731', 1),
(4732, 'employer 4732', 1),
(4733, 'employer 4733', 1),
(4734, 'employer 4734', 1),
(4735, 'employer 4735', 1),
(4736, 'employer 4736', 1),
(4737, 'employer 4737', 1),
(4738, 'employer 4738', 1),
(4739, 'employer 4739', 1),
(4740, 'employer 4740', 1),
(4741, 'employer 4741', 1),
(4742, 'employer 4742', 1),
(4743, 'employer 4743', 1),
(4744, 'employer 4744', 1),
(4745, 'employer 4745', 1),
(4746, 'employer 4746', 1),
(4747, 'employer 4747', 1),
(4748, 'employer 4748', 1),
(4749, 'employer 4749', 1),
(4750, 'employer 4750', 1),
(4751, 'employer 4751', 1),
(4752, 'employer 4752', 1),
(4753, 'employer 4753', 1),
(4754, 'employer 4754', 1),
(4755, 'employer 4755', 1),
(4756, 'employer 4756', 1),
(4757, 'employer 4757', 1),
(4758, 'employer 4758', 1),
(4759, 'employer 4759', 1),
(4760, 'employer 4760', 1),
(4761, 'employer 4761', 1),
(4762, 'employer 4762', 1),
(4763, 'employer 4763', 1),
(4764, 'employer 4764', 1),
(4765, 'employer 4765', 1),
(4766, 'employer 4766', 1),
(4767, 'employer 4767', 1),
(4768, 'employer 4768', 1),
(4769, 'employer 4769', 1),
(4770, 'employer 4770', 1),
(4771, 'employer 4771', 1),
(4772, 'employer 4772', 1),
(4773, 'employer 4773', 1),
(4774, 'employer 4774', 1),
(4775, 'employer 4775', 1),
(4776, 'employer 4776', 1),
(4777, 'employer 4777', 1),
(4778, 'employer 4778', 1),
(4779, 'employer 4779', 1),
(4780, 'employer 4780', 1),
(4781, 'employer 4781', 1),
(4782, 'employer 4782', 1),
(4783, 'employer 4783', 1),
(4784, 'employer 4784', 1),
(4785, 'employer 4785', 1),
(4786, 'employer 4786', 1),
(4787, 'employer 4787', 1),
(4788, 'employer 4788', 1),
(4789, 'employer 4789', 1),
(4790, 'employer 4790', 1),
(4791, 'employer 4791', 1),
(4792, 'employer 4792', 1),
(4793, 'employer 4793', 1),
(4794, 'employer 4794', 1),
(4795, 'employer 4795', 1),
(4796, 'employer 4796', 1),
(4797, 'employer 4797', 1),
(4798, 'employer 4798', 1),
(4799, 'employer 4799', 1),
(4800, 'employer 4800', 1),
(4801, 'employer 4801', 1),
(4802, 'employer 4802', 1),
(4803, 'employer 4803', 1),
(4804, 'employer 4804', 1),
(4805, 'employer 4805', 1),
(4806, 'employer 4806', 1),
(4807, 'employer 4807', 1),
(4808, 'employer 4808', 1),
(4809, 'employer 4809', 1),
(4810, 'employer 4810', 1),
(4811, 'employer 4811', 1),
(4812, 'employer 4812', 1),
(4813, 'employer 4813', 1),
(4814, 'employer 4814', 1),
(4815, 'employer 4815', 1),
(4816, 'employer 4816', 1),
(4817, 'employer 4817', 1),
(4818, 'employer 4818', 1),
(4819, 'employer 4819', 1),
(4820, 'employer 4820', 1),
(4821, 'employer 4821', 1),
(4822, 'employer 4822', 1),
(4823, 'employer 4823', 1),
(4824, 'employer 4824', 1),
(4825, 'employer 4825', 1),
(4826, 'employer 4826', 1),
(4827, 'employer 4827', 1),
(4828, 'employer 4828', 1),
(4829, 'employer 4829', 1),
(4830, 'employer 4830', 1),
(4831, 'employer 4831', 1),
(4832, 'employer 4832', 1),
(4833, 'employer 4833', 1),
(4834, 'employer 4834', 1),
(4835, 'employer 4835', 1),
(4836, 'employer 4836', 1),
(4837, 'employer 4837', 1),
(4838, 'employer 4838', 1),
(4839, 'employer 4839', 1),
(4840, 'employer 4840', 1),
(4841, 'employer 4841', 1),
(4842, 'employer 4842', 1),
(4843, 'employer 4843', 1),
(4844, 'employer 4844', 1),
(4845, 'employer 4845', 1),
(4846, 'employer 4846', 1),
(4847, 'employer 4847', 1),
(4848, 'employer 4848', 1),
(4849, 'employer 4849', 1),
(4850, 'employer 4850', 1),
(4851, 'employer 4851', 1),
(4852, 'employer 4852', 1),
(4853, 'employer 4853', 1),
(4854, 'employer 4854', 1),
(4855, 'employer 4855', 1),
(4856, 'employer 4856', 1),
(4857, 'employer 4857', 1),
(4858, 'employer 4858', 1),
(4859, 'employer 4859', 1),
(4860, 'employer 4860', 1),
(4861, 'employer 4861', 1),
(4862, 'employer 4862', 1),
(4863, 'employer 4863', 1),
(4864, 'employer 4864', 1),
(4865, 'employer 4865', 1),
(4866, 'employer 4866', 1),
(4867, 'employer 4867', 1),
(4868, 'employer 4868', 1),
(4869, 'employer 4869', 1),
(4870, 'employer 4870', 1),
(4871, 'employer 4871', 1),
(4872, 'employer 4872', 1),
(4873, 'employer 4873', 1),
(4874, 'employer 4874', 1),
(4875, 'employer 4875', 1),
(4876, 'employer 4876', 1),
(4877, 'employer 4877', 1),
(4878, 'employer 4878', 1),
(4879, 'employer 4879', 1),
(4880, 'employer 4880', 1),
(4881, 'employer 4881', 1),
(4882, 'employer 4882', 1),
(4883, 'employer 4883', 1),
(4884, 'employer 4884', 1),
(4885, 'employer 4885', 1),
(4886, 'employer 4886', 1),
(4887, 'employer 4887', 1),
(4888, 'employer 4888', 1),
(4889, 'employer 4889', 1),
(4890, 'employer 4890', 1),
(4891, 'employer 4891', 1),
(4892, 'employer 4892', 1),
(4893, 'employer 4893', 1),
(4894, 'employer 4894', 1),
(4895, 'employer 4895', 1),
(4896, 'employer 4896', 1),
(4897, 'employer 4897', 1),
(4898, 'employer 4898', 1),
(4899, 'employer 4899', 1),
(4900, 'employer 4900', 1),
(4901, 'employer 4901', 1),
(4902, 'employer 4902', 1),
(4903, 'employer 4903', 1),
(4904, 'employer 4904', 1),
(4905, 'employer 4905', 1),
(4906, 'employer 4906', 1),
(4907, 'employer 4907', 1),
(4908, 'employer 4908', 1),
(4909, 'employer 4909', 1),
(4910, 'employer 4910', 1),
(4911, 'employer 4911', 1),
(4912, 'employer 4912', 1),
(4913, 'employer 4913', 1),
(4914, 'employer 4914', 1),
(4915, 'employer 4915', 1),
(4916, 'employer 4916', 1),
(4917, 'employer 4917', 1),
(4918, 'employer 4918', 1),
(4919, 'employer 4919', 1),
(4920, 'employer 4920', 1),
(4921, 'employer 4921', 1),
(4922, 'employer 4922', 1),
(4923, 'employer 4923', 1),
(4924, 'employer 4924', 1),
(4925, 'employer 4925', 1),
(4926, 'employer 4926', 1),
(4927, 'employer 4927', 1),
(4928, 'employer 4928', 1),
(4929, 'employer 4929', 1),
(4930, 'employer 4930', 1),
(4931, 'employer 4931', 1),
(4932, 'employer 4932', 1),
(4933, 'employer 4933', 1),
(4934, 'employer 4934', 1),
(4935, 'employer 4935', 1),
(4936, 'employer 4936', 1),
(4937, 'employer 4937', 1),
(4938, 'employer 4938', 1),
(4939, 'employer 4939', 1),
(4940, 'employer 4940', 1),
(4941, 'employer 4941', 1),
(4942, 'employer 4942', 1),
(4943, 'employer 4943', 1),
(4944, 'employer 4944', 1),
(4945, 'employer 4945', 1),
(4946, 'employer 4946', 1),
(4947, 'employer 4947', 1),
(4948, 'employer 4948', 1),
(4949, 'employer 4949', 1),
(4950, 'employer 4950', 1),
(4951, 'employer 4951', 1),
(4952, 'employer 4952', 1),
(4953, 'employer 4953', 1),
(4954, 'employer 4954', 1),
(4955, 'employer 4955', 1),
(4956, 'employer 4956', 1),
(4957, 'employer 4957', 1),
(4958, 'employer 4958', 1),
(4959, 'employer 4959', 1),
(4960, 'employer 4960', 1),
(4961, 'employer 4961', 1),
(4962, 'employer 4962', 1),
(4963, 'employer 4963', 1),
(4964, 'employer 4964', 1),
(4965, 'employer 4965', 1),
(4966, 'employer 4966', 1),
(4967, 'employer 4967', 1),
(4968, 'employer 4968', 1),
(4969, 'employer 4969', 1),
(4970, 'employer 4970', 1),
(4971, 'employer 4971', 1),
(4972, 'employer 4972', 1),
(4973, 'employer 4973', 1),
(4974, 'employer 4974', 1),
(4975, 'employer 4975', 1),
(4976, 'employer 4976', 1),
(4977, 'employer 4977', 1),
(4978, 'employer 4978', 1),
(4979, 'employer 4979', 1),
(4980, 'employer 4980', 1),
(4981, 'employer 4981', 1),
(4982, 'employer 4982', 1),
(4983, 'employer 4983', 1),
(4984, 'employer 4984', 1),
(4985, 'employer 4985', 1),
(4986, 'employer 4986', 1),
(4987, 'employer 4987', 1),
(4988, 'employer 4988', 1),
(4989, 'employer 4989', 1),
(4990, 'employer 4990', 1),
(4991, 'employer 4991', 1),
(4992, 'employer 4992', 1),
(4993, 'employer 4993', 1),
(4994, 'employer 4994', 1),
(4995, 'employer 4995', 1),
(4996, 'employer 4996', 1),
(4997, 'employer 4997', 1),
(4998, 'employer 4998', 1),
(4999, 'employer 4999', 1),
(5000, 'employer 1', 1),
(5001, 'employer 2', 1),
(5002, 'employer 3', 1),
(5003, 'employer 4', 1),
(5004, 'employer 5', 1),
(5005, 'employer 6', 1),
(5006, 'employer 7', 1),
(5007, 'employer 8', 1),
(5008, 'employer 9', 1),
(5009, 'employer 1', 1),
(5010, 'employer 2', 1),
(5011, 'employer 3', 1),
(5012, 'employer 4', 1),
(5013, 'employer 5', 1),
(5014, 'employer 6', 1),
(5015, 'employer 7', 1),
(5016, 'employer 8', 1),
(5017, 'employer 9', 1),
(5018, 'employer 10', 1),
(5019, 'employer 11', 1),
(5020, 'employer 12', 1),
(5021, 'employer 13', 1),
(5022, 'employer 14', 1),
(5023, 'employer 15', 1),
(5024, 'employer 16', 1),
(5025, 'employer 17', 1),
(5026, 'employer 18', 1),
(5027, 'employer 19', 1),
(5028, 'employer 20', 1),
(5029, 'employer 21', 1),
(5030, 'employer 22', 1),
(5031, 'employer 23', 1),
(5032, 'employer 24', 1),
(5033, 'employer 25', 1),
(5034, 'employer 26', 1),
(5035, 'employer 27', 1),
(5036, 'employer 28', 1),
(5037, 'employer 29', 1),
(5038, 'employer 30', 1),
(5039, 'employer 31', 1),
(5040, 'employer 32', 1),
(5041, 'employer 33', 1),
(5042, 'employer 34', 1),
(5043, 'employer 35', 1),
(5044, 'employer 36', 1),
(5045, 'employer 37', 1),
(5046, 'employer 38', 1),
(5047, 'employer 39', 1),
(5048, 'employer 40', 1),
(5049, 'employer 41', 1),
(5050, 'employer 42', 1),
(5051, 'employer 43', 1),
(5052, 'employer 44', 1),
(5053, 'employer 45', 1),
(5054, 'employer 46', 1),
(5055, 'employer 47', 1),
(5056, 'employer 48', 1),
(5057, 'employer 49', 1),
(5058, 'employer 50', 1),
(5059, 'employer 51', 1),
(5060, 'employer 52', 1),
(5061, 'employer 53', 1),
(5062, 'employer 54', 1),
(5063, 'employer 55', 1),
(5064, 'employer 56', 1),
(5065, 'employer 57', 1),
(5066, 'employer 58', 1),
(5067, 'employer 59', 1),
(5068, 'employer 60', 1),
(5069, 'employer 61', 1),
(5070, 'employer 62', 1),
(5071, 'employer 63', 1),
(5072, 'employer 64', 1),
(5073, 'employer 65', 1),
(5074, 'employer 66', 1),
(5075, 'employer 67', 1),
(5076, 'employer 68', 1),
(5077, 'employer 69', 1),
(5078, 'employer 70', 1),
(5079, 'employer 71', 1),
(5080, 'employer 72', 1),
(5081, 'employer 73', 1),
(5082, 'employer 74', 1),
(5083, 'employer 75', 1),
(5084, 'employer 76', 1),
(5085, 'employer 77', 1),
(5086, 'employer 78', 1),
(5087, 'employer 79', 1),
(5088, 'employer 80', 1),
(5089, 'employer 81', 1),
(5090, 'employer 82', 1),
(5091, 'employer 83', 1),
(5092, 'employer 84', 1),
(5093, 'employer 85', 1),
(5094, 'employer 86', 1),
(5095, 'employer 87', 1),
(5096, 'employer 88', 1),
(5097, 'employer 89', 1),
(5098, 'employer 90', 1),
(5099, 'employer 91', 1),
(5100, 'employer 92', 1),
(5101, 'employer 93', 1),
(5102, 'employer 94', 1),
(5103, 'employer 95', 1),
(5104, 'employer 96', 1),
(5105, 'employer 97', 1),
(5106, 'employer 98', 1),
(5107, 'employer 99', 1),
(5108, 'employer 100', 1),
(5109, 'employer 101', 1),
(5110, 'employer 102', 1),
(5111, 'employer 103', 1),
(5112, 'employer 104', 1),
(5113, 'employer 105', 1),
(5114, 'employer 106', 1),
(5115, 'employer 107', 1),
(5116, 'employer 108', 1),
(5117, 'employer 109', 1),
(5118, 'employer 110', 1),
(5119, 'employer 111', 1),
(5120, 'employer 112', 1),
(5121, 'employer 113', 1),
(5122, 'employer 114', 1),
(5123, 'employer 115', 1),
(5124, 'employer 116', 1),
(5125, 'employer 117', 1),
(5126, 'employer 118', 1),
(5127, 'employer 119', 1),
(5128, 'employer 120', 1),
(5129, 'employer 121', 1),
(5130, 'employer 122', 1),
(5131, 'employer 123', 1),
(5132, 'employer 124', 1),
(5133, 'employer 125', 1),
(5134, 'employer 126', 1),
(5135, 'employer 127', 1),
(5136, 'employer 128', 1),
(5137, 'employer 129', 1),
(5138, 'employer 130', 1),
(5139, 'employer 131', 1),
(5140, 'employer 132', 1),
(5141, 'employer 133', 1),
(5142, 'employer 134', 1),
(5143, 'employer 135', 1),
(5144, 'employer 136', 1),
(5145, 'employer 137', 1),
(5146, 'employer 138', 1),
(5147, 'employer 139', 1),
(5148, 'employer 140', 1),
(5149, 'employer 141', 1),
(5150, 'employer 142', 1),
(5151, 'employer 143', 1),
(5152, 'employer 144', 1),
(5153, 'employer 145', 1),
(5154, 'employer 146', 1),
(5155, 'employer 147', 1),
(5156, 'employer 148', 1),
(5157, 'employer 149', 1),
(5158, 'employer 150', 1),
(5159, 'employer 151', 1),
(5160, 'employer 152', 1),
(5161, 'employer 153', 1),
(5162, 'employer 154', 1),
(5163, 'employer 155', 1),
(5164, 'employer 156', 1),
(5165, 'employer 157', 1),
(5166, 'employer 158', 1),
(5167, 'employer 159', 1),
(5168, 'employer 160', 1),
(5169, 'employer 161', 1),
(5170, 'employer 162', 1),
(5171, 'employer 163', 1),
(5172, 'employer 164', 1),
(5173, 'employer 165', 1),
(5174, 'employer 166', 1),
(5175, 'employer 167', 1),
(5176, 'employer 168', 1),
(5177, 'employer 169', 1),
(5178, 'employer 170', 1),
(5179, 'employer 171', 1),
(5180, 'employer 172', 1),
(5181, 'employer 173', 1),
(5182, 'employer 174', 1),
(5183, 'employer 175', 1),
(5184, 'employer 176', 1),
(5185, 'employer 177', 1),
(5186, 'employer 178', 1),
(5187, 'employer 179', 1),
(5188, 'employer 180', 1),
(5189, 'employer 181', 1),
(5190, 'employer 182', 1),
(5191, 'employer 183', 1),
(5192, 'employer 184', 1),
(5193, 'employer 185', 1),
(5194, 'employer 186', 1),
(5195, 'employer 187', 1),
(5196, 'employer 188', 1),
(5197, 'employer 189', 1),
(5198, 'employer 190', 1),
(5199, 'employer 191', 1),
(5200, 'employer 192', 1),
(5201, 'employer 193', 1),
(5202, 'employer 194', 1),
(5203, 'employer 195', 1),
(5204, 'employer 196', 1),
(5205, 'employer 197', 1),
(5206, 'employer 198', 1),
(5207, 'employer 199', 1),
(5208, 'employer 200', 1),
(5209, 'employer 201', 1),
(5210, 'employer 202', 1),
(5211, 'employer 203', 1),
(5212, 'employer 204', 1),
(5213, 'employer 205', 1),
(5214, 'employer 206', 1),
(5215, 'employer 207', 1),
(5216, 'employer 208', 1),
(5217, 'employer 209', 1),
(5218, 'employer 210', 1),
(5219, 'employer 211', 1),
(5220, 'employer 212', 1),
(5221, 'employer 213', 1),
(5222, 'employer 214', 1),
(5223, 'employer 215', 1),
(5224, 'employer 216', 1),
(5225, 'employer 217', 1),
(5226, 'employer 218', 1),
(5227, 'employer 219', 1),
(5228, 'employer 220', 1),
(5229, 'employer 221', 1),
(5230, 'employer 222', 1),
(5231, 'employer 223', 1),
(5232, 'employer 224', 1),
(5233, 'employer 225', 1),
(5234, 'employer 226', 1),
(5235, 'employer 227', 1),
(5236, 'employer 228', 1),
(5237, 'employer 229', 1),
(5238, 'employer 230', 1),
(5239, 'employer 231', 1),
(5240, 'employer 232', 1),
(5241, 'employer 233', 1),
(5242, 'employer 234', 1),
(5243, 'employer 235', 1),
(5244, 'employer 236', 1),
(5245, 'employer 237', 1),
(5246, 'employer 238', 1),
(5247, 'employer 239', 1),
(5248, 'employer 240', 1),
(5249, 'employer 241', 1),
(5250, 'employer 242', 1),
(5251, 'employer 243', 1),
(5252, 'employer 244', 1),
(5253, 'employer 245', 1),
(5254, 'employer 246', 1),
(5255, 'employer 247', 1),
(5256, 'employer 248', 1),
(5257, 'employer 249', 1),
(5258, 'employer 250', 1),
(5259, 'employer 251', 1),
(5260, 'employer 252', 1),
(5261, 'employer 253', 1),
(5262, 'employer 254', 1),
(5263, 'employer 255', 1),
(5264, 'employer 256', 1),
(5265, 'employer 257', 1),
(5266, 'employer 258', 1),
(5267, 'employer 259', 1),
(5268, 'employer 260', 1),
(5269, 'employer 261', 1),
(5270, 'employer 262', 1),
(5271, 'employer 263', 1),
(5272, 'employer 264', 1),
(5273, 'employer 265', 1),
(5274, 'employer 266', 1),
(5275, 'employer 267', 1),
(5276, 'employer 268', 1),
(5277, 'employer 269', 1),
(5278, 'employer 270', 1),
(5279, 'employer 271', 1),
(5280, 'employer 272', 1),
(5281, 'employer 273', 1),
(5282, 'employer 274', 1),
(5283, 'employer 275', 1),
(5284, 'employer 276', 1),
(5285, 'employer 277', 1),
(5286, 'employer 278', 1),
(5287, 'employer 279', 1),
(5288, 'employer 280', 1),
(5289, 'employer 281', 1),
(5290, 'employer 282', 1),
(5291, 'employer 283', 1),
(5292, 'employer 284', 1),
(5293, 'employer 285', 1),
(5294, 'employer 286', 1),
(5295, 'employer 287', 1),
(5296, 'employer 288', 1),
(5297, 'employer 289', 1),
(5298, 'employer 290', 1),
(5299, 'employer 291', 1),
(5300, 'employer 292', 1),
(5301, 'employer 293', 1),
(5302, 'employer 294', 1),
(5303, 'employer 295', 1),
(5304, 'employer 296', 1),
(5305, 'employer 297', 1),
(5306, 'employer 298', 1),
(5307, 'employer 299', 1),
(5308, 'employer 300', 1),
(5309, 'employer 301', 1),
(5310, 'employer 302', 1),
(5311, 'employer 303', 1),
(5312, 'employer 304', 1),
(5313, 'employer 305', 1),
(5314, 'employer 306', 1),
(5315, 'employer 307', 1),
(5316, 'employer 308', 1),
(5317, 'employer 309', 1),
(5318, 'employer 310', 1),
(5319, 'employer 311', 1),
(5320, 'employer 312', 1),
(5321, 'employer 313', 1),
(5322, 'employer 314', 1),
(5323, 'employer 315', 1),
(5324, 'employer 316', 1),
(5325, 'employer 317', 1),
(5326, 'employer 318', 1),
(5327, 'employer 319', 1),
(5328, 'employer 320', 1),
(5329, 'employer 321', 1),
(5330, 'employer 322', 1),
(5331, 'employer 323', 1),
(5332, 'employer 324', 1),
(5333, 'employer 325', 1),
(5334, 'employer 326', 1),
(5335, 'employer 327', 1),
(5336, 'employer 328', 1),
(5337, 'employer 329', 1),
(5338, 'employer 330', 1),
(5339, 'employer 331', 1),
(5340, 'employer 332', 1),
(5341, 'employer 333', 1),
(5342, 'employer 334', 1),
(5343, 'employer 335', 1),
(5344, 'employer 336', 1),
(5345, 'employer 337', 1),
(5346, 'employer 338', 1),
(5347, 'employer 339', 1),
(5348, 'employer 340', 1),
(5349, 'employer 341', 1),
(5350, 'employer 342', 1),
(5351, 'employer 343', 1),
(5352, 'employer 344', 1),
(5353, 'employer 345', 1),
(5354, 'employer 346', 1),
(5355, 'employer 347', 1),
(5356, 'employer 348', 1),
(5357, 'employer 349', 1),
(5358, 'employer 350', 1),
(5359, 'employer 351', 1),
(5360, 'employer 352', 1),
(5361, 'employer 353', 1),
(5362, 'employer 354', 1),
(5363, 'employer 355', 1),
(5364, 'employer 356', 1),
(5365, 'employer 357', 1),
(5366, 'employer 358', 1),
(5367, 'employer 359', 1),
(5368, 'employer 360', 1),
(5369, 'employer 361', 1),
(5370, 'employer 362', 1),
(5371, 'employer 363', 1),
(5372, 'employer 364', 1),
(5373, 'employer 365', 1),
(5374, 'employer 366', 1),
(5375, 'employer 367', 1),
(5376, 'employer 368', 1),
(5377, 'employer 369', 1),
(5378, 'employer 370', 1),
(5379, 'employer 371', 1),
(5380, 'employer 372', 1),
(5381, 'employer 373', 1),
(5382, 'employer 374', 1),
(5383, 'employer 375', 1),
(5384, 'employer 376', 1),
(5385, 'employer 377', 1),
(5386, 'employer 378', 1),
(5387, 'employer 379', 1),
(5388, 'employer 380', 1),
(5389, 'employer 381', 1),
(5390, 'employer 382', 1),
(5391, 'employer 383', 1),
(5392, 'employer 384', 1),
(5393, 'employer 385', 1),
(5394, 'employer 386', 1),
(5395, 'employer 387', 1),
(5396, 'employer 388', 1),
(5397, 'employer 389', 1),
(5398, 'employer 390', 1),
(5399, 'employer 391', 1),
(5400, 'employer 392', 1),
(5401, 'employer 393', 1),
(5402, 'employer 394', 1),
(5403, 'employer 395', 1),
(5404, 'employer 396', 1),
(5405, 'employer 397', 1),
(5406, 'employer 398', 1),
(5407, 'employer 399', 1),
(5408, 'employer 400', 1),
(5409, 'employer 401', 1),
(5410, 'employer 402', 1),
(5411, 'employer 403', 1),
(5412, 'employer 404', 1),
(5413, 'employer 405', 1),
(5414, 'employer 406', 1),
(5415, 'employer 407', 1),
(5416, 'employer 408', 1),
(5417, 'employer 409', 1),
(5418, 'employer 410', 1),
(5419, 'employer 411', 1),
(5420, 'employer 412', 1),
(5421, 'employer 413', 1),
(5422, 'employer 414', 1),
(5423, 'employer 415', 1),
(5424, 'employer 416', 1),
(5425, 'employer 417', 1),
(5426, 'employer 418', 1),
(5427, 'employer 419', 1),
(5428, 'employer 420', 1),
(5429, 'employer 421', 1),
(5430, 'employer 422', 1),
(5431, 'employer 423', 1),
(5432, 'employer 424', 1),
(5433, 'employer 425', 1),
(5434, 'employer 426', 1),
(5435, 'employer 427', 1),
(5436, 'employer 428', 1),
(5437, 'employer 429', 1),
(5438, 'employer 430', 1),
(5439, 'employer 431', 1),
(5440, 'employer 432', 1),
(5441, 'employer 433', 1),
(5442, 'employer 434', 1),
(5443, 'employer 435', 1),
(5444, 'employer 436', 1),
(5445, 'employer 437', 1),
(5446, 'employer 438', 1),
(5447, 'employer 439', 1),
(5448, 'employer 440', 1),
(5449, 'employer 441', 1),
(5450, 'employer 442', 1),
(5451, 'employer 443', 1),
(5452, 'employer 444', 1),
(5453, 'employer 445', 1),
(5454, 'employer 446', 1),
(5455, 'employer 447', 1),
(5456, 'employer 448', 1),
(5457, 'employer 449', 1),
(5458, 'employer 450', 1),
(5459, 'employer 451', 1),
(5460, 'employer 452', 1),
(5461, 'employer 453', 1),
(5462, 'employer 454', 1),
(5463, 'employer 455', 1),
(5464, 'employer 456', 1),
(5465, 'employer 457', 1),
(5466, 'employer 458', 1),
(5467, 'employer 459', 1),
(5468, 'employer 460', 1),
(5469, 'employer 461', 1),
(5470, 'employer 462', 1),
(5471, 'employer 463', 1),
(5472, 'employer 464', 1),
(5473, 'employer 465', 1),
(5474, 'employer 466', 1),
(5475, 'employer 467', 1),
(5476, 'employer 468', 1),
(5477, 'employer 469', 1),
(5478, 'employer 470', 1),
(5479, 'employer 471', 1),
(5480, 'employer 472', 1),
(5481, 'employer 473', 1),
(5482, 'employer 474', 1),
(5483, 'employer 475', 1),
(5484, 'employer 476', 1),
(5485, 'employer 477', 1),
(5486, 'employer 478', 1),
(5487, 'employer 479', 1),
(5488, 'employer 480', 1),
(5489, 'employer 481', 1),
(5490, 'employer 482', 1),
(5491, 'employer 483', 1),
(5492, 'employer 484', 1),
(5493, 'employer 485', 1),
(5494, 'employer 486', 1),
(5495, 'employer 487', 1),
(5496, 'employer 488', 1),
(5497, 'employer 489', 1),
(5498, 'employer 490', 1),
(5499, 'employer 491', 1),
(5500, 'employer 492', 1),
(5501, 'employer 493', 1),
(5502, 'employer 494', 1),
(5503, 'employer 495', 1),
(5504, 'employer 496', 1),
(5505, 'employer 497', 1),
(5506, 'employer 498', 1),
(5507, ' ', 1),
(5508, 'new employer 1', 2),
(5509, 'new employer 2', 2),
(5510, 'new employer 3', 2),
(5511, 'new employer 4', 2),
(5512, 'new employer 5', 2),
(5513, 'new employer 6', 2),
(5514, 'new employer 7', 2),
(5515, 'new employer 8', 2),
(5516, 'new employer 9', 2),
(5517, 'new employer 10', 2),
(5518, 'new employer 11', 2),
(5519, 'new employer 12', 2),
(5520, 'new employer 13', 2),
(5521, 'new employer 14', 2),
(5522, 'new employer 15', 2),
(5523, 'new employer 16', 2),
(5524, 'new employer 17', 2),
(5525, 'new employer 18', 2),
(5526, 'new employer 19', 2),
(5527, 'new employer 20', 2),
(5528, 'new employer 21', 2),
(5529, 'new employer 22', 2),
(5530, 'new employer 23', 2),
(5531, 'new employer 24', 2),
(5532, 'new employer 25', 2),
(5533, 'new employer 26', 2),
(5534, 'new employer 27', 2),
(5535, 'new employer 28', 2),
(5536, 'new employer 29', 2),
(5537, 'new employer 30', 2),
(5538, 'new employer 31', 2),
(5539, 'new employer 32', 2),
(5540, 'new employer 33', 2),
(5541, 'new employer 34', 2),
(5542, 'new employer 35', 2),
(5543, 'new employer 36', 2),
(5544, 'new employer 37', 2),
(5545, 'new employer 38', 2),
(5546, 'new employer 39', 2),
(5547, 'new employer 40', 2),
(5548, 'new employer 41', 2),
(5549, 'new employer 42', 2),
(5550, 'new employer 43', 2),
(5551, 'new employer 44', 2),
(5552, 'new employer 45', 2),
(5553, 'new employer 46', 2),
(5554, 'new employer 47', 2),
(5555, 'new employer 48', 2),
(5556, 'new employer 49', 2),
(5557, 'new employer 50', 2),
(5558, 'new employer 51', 2),
(5559, 'new employer 52', 2),
(5560, 'new employer 53', 2),
(5561, 'new employer 54', 2),
(5562, 'new employer 55', 2),
(5563, 'new employer 56', 2),
(5564, 'new employer 57', 2),
(5565, 'new employer 58', 2),
(5566, 'new employer 59', 2),
(5567, 'new employer 60', 2),
(5568, 'new employer 61', 2),
(5569, 'new employer 62', 2),
(5570, 'new employer 63', 2),
(5571, 'new employer 64', 2),
(5572, 'new employer 65', 2),
(5573, 'new employer 66', 2),
(5574, 'new employer 67', 2),
(5575, 'new employer 68', 2),
(5576, 'new employer 69', 2),
(5577, 'new employer 70', 2),
(5578, 'new employer 71', 2),
(5579, 'new employer 72', 2),
(5580, 'new employer 73', 2),
(5581, 'new employer 74', 2),
(5582, 'new employer 75', 2),
(5583, 'new employer 76', 2),
(5584, 'new employer 77', 2),
(5585, 'new employer 78', 2),
(5586, 'new employer 79', 2),
(5587, 'new employer 80', 2),
(5588, 'new employer 81', 2),
(5589, 'new employer 82', 2),
(5590, 'new employer 83', 2),
(5591, 'new employer 84', 2),
(5592, 'new employer 85', 2),
(5593, 'new employer 86', 2),
(5594, 'new employer 87', 2),
(5595, 'new employer 88', 2),
(5596, 'new employer 89', 2),
(5597, 'new employer 90', 2),
(5598, 'new employer 91', 2),
(5599, 'new employer 92', 2),
(5600, 'new employer 93', 2),
(5601, 'new employer 94', 2),
(5602, 'new employer 95', 2),
(5603, 'new employer 96', 2),
(5604, 'new employer 97', 2),
(5605, 'new employer 98', 2),
(5606, 'new employer 99', 2),
(5608, 'my employer', NULL),
(5609, 'my emp', NULL);

-- --------------------------------------------------------

--
-- Table structure for table `html_attributes`
--

CREATE TABLE `html_attributes` (
  `id` int(11) NOT NULL COMMENT 'id',
  `name` varchar(255) COLLATE utf8_unicode_ci NOT NULL COMMENT 'name'
) ENGINE=InnoDB AUTO_INCREMENT=6 DEFAULT CHARSET=utf8 COLLATE=utf8_unicode_ci COMMENT='table Attributes';

--
-- Dumping data for table `html_attributes`
--

INSERT INTO `html_attributes` (`id`, `name`) VALUES
(1, 'title'),
(3, 'class'),
(4, 'href'),
(5, 'target');

-- --------------------------------------------------------

--
-- Table structure for table `html_elements`
--

CREATE TABLE `html_elements` (
  `id` int(11) NOT NULL COMMENT 'id',
  `name` varchar(255) COLLATE utf8_unicode_ci NOT NULL COMMENT 'name'
) ENGINE=InnoDB AUTO_INCREMENT=4 DEFAULT CHARSET=utf8 COLLATE=utf8_unicode_ci COMMENT='table Elements';

--
-- Dumping data for table `html_elements`
--

INSERT INTO `html_elements` (`id`, `name`) VALUES
(1, 'a'),
(2, 'strong'),
(3, 'div');

-- --------------------------------------------------------

--
-- Table structure for table `html_elements_attributes`
--

CREATE TABLE `html_elements_attributes` (
  `id_element` int(11) NOT NULL,
  `id_attribute` int(11) NOT NULL
) ENGINE=InnoDB DEFAULT CHARSET=utf8 COLLATE=utf8_unicode_ci COMMENT='table Attributes_Elements';

--
-- Dumping data for table `html_elements_attributes`
--

INSERT INTO `html_elements_attributes` (`id_element`, `id_attribute`) VALUES
(3, 1),
(1, 4),
(1, 5);

-- --------------------------------------------------------

--
-- Table structure for table `tbl_city`
--

CREATE TABLE `tbl_city` (
  `id_city` int(11) NOT NULL,
  `id_region` int(11) NOT NULL,
  `city` varchar(32) NOT NULL
) ENGINE=InnoDB AUTO_INCREMENT=7 DEFAULT CHARSET=utf8;

--
-- Dumping data for table `tbl_city`
--

INSERT INTO `tbl_city` (`id_city`, `id_region`, `city`) VALUES
(2, 4, ''),
(5, 4, ''),
(6, 4, '');

-- --------------------------------------------------------

--
-- Table structure for table `tbl_country`
--

CREATE TABLE `tbl_country` (
  `id_country` int(11) NOT NULL,
  `country` varchar(32) NOT NULL
) ENGINE=InnoDB AUTO_INCREMENT=5 DEFAULT CHARSET=utf8;

--
-- Dumping data for table `tbl_country`
--

INSERT INTO `tbl_country` (`id_country`, `country`) VALUES
(3, ''),
(4, ''),
(2, ''),
(1, '');

-- --------------------------------------------------------

--
-- Table structure for table `tbl_region`
--

CREATE TABLE `tbl_region` (
  `id_region` int(11) NOT NULL,
  `id_country` int(11) NOT NULL,
  `region` varchar(32) NOT NULL
) ENGINE=InnoDB AUTO_INCREMENT=125 DEFAULT CHARSET=utf8;

--
-- Dumping data for table `tbl_region`
--

INSERT INTO `tbl_region` (`id_region`, `id_country`, `region`) VALUES
(1, 1, ' '),
(2, 1, ' .'),
(3, 1, ' .'),
(4, 1, ' .'),
(5, 1, ' .'),
(6, 1, ' .'),
(7, 1, ' .'),
(8, 1, '- .'),
(9, 1, ' .'),
(10, 1, ' .'),
(11, 1, ' .'),
(12, 1, ' .'),
(13, 1, ' .'),
(14, 1, ' .'),
(15, 1, ' .'),
(16, 1, ' .'),
(17, 1, ' .'),
(18, 1, ' .'),
(19, 1, ' .'),
(20, 1, ' .'),
(21, 1, ' .'),
(22, 1, ' .'),
(23, 1, ' .'),
(24, 1, ' .'),
(25, 1, ' .'),
(27, 3, ' .'),
(28, 3, ' .'),
(29, 3, ' .'),
(30, 3, ' .'),
(31, 3, ' .'),
(32, 3, ' .'),
(33, 4, ' '),
(34, 4, ' '),
(35, 4, ' '),
(36, 4, ' '),
(37, 4, ' '),
(38, 4, '- '),
(39, 4, ' '),
(40, 4, ' '),
(41, 4, ' '),
(42, 2, ''),
(43, 2, ' '),
(44, 2, ' .'),
(45, 2, ' .'),
(46, 2, ' .'),
(47, 2, ''),
(48, 2, ' .'),
(49, 2, ' .'),
(50, 2, ''),
(51, 2, ' .'),
(52, 2, ' .'),
(53, 2, ' .'),
(54, 2, ' .'),
(55, 2, ''),
(56, 2, ' '),
(57, 2, ' .'),
(58, 2, ' .'),
(59, 2, '-'),
(60, 2, ' .'),
(61, 2, ''),
(62, 2, ' .'),
(63, 2, ' .'),
(64, 2, '-'),
(65, 2, ''),
(66, 2, ' .'),
(67, 2, ' .'),
(68, 2, ''),
(69, 2, ' '),
(70, 2, ' .'),
(71, 2, ' '),
(72, 2, ' '),
(73, 2, ' .'),
(74, 2, ' .'),
(75, 2, ' .'),
(76, 2, ' .'),
(77, 2, ' .'),
(78, 2, ' '),
(79, 2, ''),
(80, 2, ' .'),
(81, 2, ' .'),
(82, 2, ' '),
(83, 2, ' .'),
(84, 2, ' .'),
(85, 2, ' .'),
(86, 2, ' .'),
(87, 2, ' .'),
(88, 2, ' .'),
(89, 2, ' .'),
(90, 2, ' .'),
(91, 2, ' '),
(92, 2, ' .'),
(93, 2, ' '),
(94, 2, ' .'),
(95, 2, ' .'),
(96, 2, ' .'),
(97, 2, ' .'),
(98, 2, ' ()'),
(99, 2, ' .'),
(100, 2, ' .'),
(101, 2, ' '),
(102, 2, ' .'),
(103, 2, ' '),
(104, 2, ' '),
(105, 2, ' .'),
(106, 2, ''),
(107, 2, ' .'),
(108, 2, ' .'),
(109, 2, ' .'),
(110, 2, ''),
(111, 2, ' .'),
(112, 2, ''),
(113, 2, ' .'),
(114, 2, ' '),
(115, 2, ''),
(116, 2, '- '),
(117, 2, ' .'),
(118, 2, ' '),
(119, 2, ' .'),
(120, 2, ''),
(121, 2, ' '),
(122, 2, ' '),
(123, 2, '- '),
(124, 2, ' .');

--
-- Indexes for dumped tables
--

--
-- Indexes for table `department`
--
ALTER TABLE `department`
  ADD PRIMARY KEY (`id`);

--
-- Indexes for table `employee`
--
ALTER TABLE `employee`
  ADD PRIMARY KEY (`id`),
  ADD KEY `fk_dep` (`department`);

--
-- Indexes for table `html_attributes`
--
ALTER TABLE `html_attributes`
  ADD PRIMARY KEY (`id`);

--
-- Indexes for table `html_elements`
--
ALTER TABLE `html_elements`
  ADD PRIMARY KEY (`id`);

--
-- Indexes for table `html_elements_attributes`
--
ALTER TABLE `html_elements_attributes`
  ADD PRIMARY KEY (`id_element`,`id_attribute`),
  ADD KEY `i_a` (`id_attribute`);

--
-- Indexes for table `tbl_city`
--
ALTER TABLE `tbl_city`
  ADD PRIMARY KEY (`id_city`),
  ADD UNIQUE KEY `city` (`city`),
  ADD KEY `id_region` (`id_region`);

--
-- Indexes for table `tbl_country`
--
ALTER TABLE `tbl_country`
  ADD PRIMARY KEY (`id_country`),
  ADD UNIQUE KEY `country` (`country`);

--
-- Indexes for table `tbl_region`
--
ALTER TABLE `tbl_region`
  ADD PRIMARY KEY (`id_region`),
  ADD UNIQUE KEY `region` (`region`),
  ADD KEY `id_country` (`id_country`);

--
-- AUTO_INCREMENT for dumped tables
--

--
-- AUTO_INCREMENT for table `employee`
--
ALTER TABLE `employee`
  MODIFY `id` int(11) NOT NULL AUTO_INCREMENT,AUTO_INCREMENT=5610;
--
-- AUTO_INCREMENT for table `html_attributes`
--
ALTER TABLE `html_attributes`
  MODIFY `id` int(11) NOT NULL AUTO_INCREMENT COMMENT 'id',AUTO_INCREMENT=6;
--
-- AUTO_INCREMENT for table `html_elements`
--
ALTER TABLE `html_elements`
  MODIFY `id` int(11) NOT NULL AUTO_INCREMENT COMMENT 'id',AUTO_INCREMENT=4;
--
-- AUTO_INCREMENT for table `tbl_city`
--
ALTER TABLE `tbl_city`
  MODIFY `id_city` int(11) NOT NULL AUTO_INCREMENT,AUTO_INCREMENT=7;
--
-- AUTO_INCREMENT for table `tbl_country`
--
ALTER TABLE `tbl_country`
  MODIFY `id_country` int(11) NOT NULL AUTO_INCREMENT,AUTO_INCREMENT=5;
--
-- AUTO_INCREMENT for table `tbl_region`
--
ALTER TABLE `tbl_region`
  MODIFY `id_region` int(11) NOT NULL AUTO_INCREMENT,AUTO_INCREMENT=125;
--
-- Constraints for dumped tables
--

--
-- Constraints for table `employee`
--
ALTER TABLE `employee`
  ADD CONSTRAINT `employee_ibfk_1` FOREIGN KEY (`department`) REFERENCES `department` (`id`) ON DELETE CASCADE ON UPDATE CASCADE;

--
-- Constraints for table `html_elements_attributes`
--
ALTER TABLE `html_elements_attributes`
  ADD CONSTRAINT `html_elements_attributes_ibfk_1` FOREIGN KEY (`id_element`) REFERENCES `html_elements` (`id`) ON DELETE CASCADE ON UPDATE CASCADE,
  ADD CONSTRAINT `html_elements_attributes_ibfk_2` FOREIGN KEY (`id_attribute`) REFERENCES `html_attributes` (`id`) ON DELETE CASCADE ON UPDATE CASCADE;
